org.endeavour.mgmt.controller.ActorMaintenance,0.2918063480401229,1.6554851316876826E-4,0.2892408939025809,2.461529908761923E-4,2.3740179266562892E-4,9.822006190596381E-5,1.2890951519460803E-4,2.1157483262026304E-4,1.2345256868369998E-4,2.5048321845396224E-4,0.415698982914609,5.816631546924003E-4,7.535474330761915E-5,7.840105335467446E-5,1.767397254529003E-4,1.4501469020448008E-4,1.6178416735422956E-4,3.0244163420621294E-5,2.1959571895207637E-4,3.2323423237893124E-4
org.endeavour.mgmt.controller.ApplicationController,7.108545544244919E-5,1.1456869354916251E-4,0.20017063700009297,1.7035143377672234E-4,1.6429512238628477E-4,6.797369518753899E-5,8.921248798438872E-5,1.464214428581124E-4,0.15405788382594648,1.7334818987473633E-4,0.02422263666832534,0.010667372811569771,5.214963473990986E-5,5.425784915728138E-5,1.2231362913379834E-4,0.6091469296349002,1.1196355881382792E-4,2.0930627670787512E-5,1.519723381851237E-4,2.2369590040514461E-4
org.endeavour.mgmt.controller.AttachmentMaintenance,8.647063168783186E-5,1.3936503946107906E-4,0.2351696809819077,0.34566619121971176,1.998538650072157E-4,8.268538654551132E-5,1.0852093641994977E-4,1.7811174702024986E-4,1.0392707114582074E-4,2.108663071385425E-4,0.36659985114502164,4.896661827709802E-4,6.343649105407404E-5,6.600099079975125E-5,1.4878622791962703E-4,0.05006795410447718,1.3619606987659534E-4,2.5460687914999606E-5,1.848640344238004E-4,2.7211087969565556E-4
org.endeavour.mgmt.controller.ChangeRequestMaintenance,5.9826746857625216E-5,9.64229909495875E-5,0.1454295766156127,1.433707084235336E-4,1.3827361217238834E-4,5.72078356908697E-5,7.508277047619157E-5,1.2323081482529935E-4,0.09222185712119813,0.3399488435028307,0.42066254646320145,3.387871025059423E-4,4.389003315633409E-5,4.566434281623062E-5,1.0294126248300624E-4,8.446315761766533E-5,9.42304645688984E-5,1.7615577693600076E-5,1.279025441895593E-4,1.88266332730498E-4
org.endeavour.mgmt.controller.ci.ChangeProjectDescription,2.6211733323509015E-4,4.224554831704976E-4,0.6245500405379114,6.281462678462944E-4,6.058144957415491E-4,2.5064316746366375E-4,3.2895814335278897E-4,5.399078882103342E-4,3.1503281759313645E-4,0.06372265489706723,0.0010006265673997551,0.0014843189126534043,1.922942337800153E-4,2.0006796945533327E-4,4.5101381270340544E-4,3.700561838009377E-4,4.1284942571058806E-4,7.717866156804894E-5,5.603760116981452E-4,0.30362544718963835
org.endeavour.mgmt.controller.ci.CIMaintenance,3.817189919650827E-5,6.152179224306872E-5,0.08911527451595215,9.147634656952063E-5,8.822419173053797E-5,3.6500927293257276E-5,4.790586312226433E-5,7.862627484341248E-5,4.587793110946895E-5,9.308556284277816E-5,0.0038204340476555372,2.16159958633714E-4,2.8003627296700606E-5,2.913570906678483E-5,6.568071474810239E-5,0.7846052760319528,6.012287118542673E-5,1.1239455449726805E-5,8.160702829788798E-5,0.12138567525081032
org.endeavour.mgmt.controller.ci.CreateProject,0.05272451084897155,4.3907448542481207E-4,0.6622322735397537,6.528569525391091E-4,6.296466694770286E-4,2.6050323445544674E-4,3.418990480013119E-4,5.611473578556328E-4,3.2742591299450536E-4,6.643417578634758E-4,0.0010399902775226322,0.0015427106257171754,1.9985890847827692E-4,2.0793845561979475E-4,4.6875627284096225E-4,3.84613846792209E-4,4.290905346792403E-4,8.021479768577268E-5,5.824206781131309E-4,0.2762307257952142
org.endeavour.mgmt.controller.ci.DeleteProject,3.1354385289913934E-4,5.05339796635444E-4,0.7772686978768006,7.513864061332349E-4,7.246732171145319E-4,2.998184952496711E-4,0.015485541843479184,6.458359597618687E-4,3.7684117337342254E-4,7.646045032435646E-4,0.0011969460599325161,0.0017755371804694738,2.3002170137141595E-4,0.04551545034717659,5.395011722438254E-4,4.426599348698283E-4,4.938490637259603E-4,9.232084964003916E-5,6.703198587119152E-4,0.1519071107071676
org.endeavour.mgmt.controller.ci.RenameProject,2.9154388806885696E-4,4.698823713007553E-4,0.722731242082795,6.986649945793591E-4,6.738261501331365E-4,2.7878157715999403E-4,3.658885696008806E-4,6.005205492713836E-4,3.5039991967266977E-4,7.109556371442982E-4,0.0011129617273462507,0.0016509557059356625,2.1388211102836842E-4,2.2252856372811827E-4,5.016467965145129E-4,4.116004740994588E-4,4.5919789154388603E-4,8.584310999882859E-5,6.232865229269976E-4,0.2675463913571514
org.endeavour.mgmt.controller.CommentMaintenance,7.658864102588165E-5,1.2343819827032013E-4,0.21198064373334308,0.007556537327843488,1.7701427208177304E-4,0.07380321484000174,9.611900458025275E-5,1.577568752391359E-4,9.205013296992725E-5,0.007559766082243448,0.055589859426607734,4.337064129489615E-4,5.618687578022769E-5,5.845830073224727E-5,0.6194636051497843,1.0812753155518326E-4,1.2063138317957161E-4,2.255100314328236E-5,1.6373750133102195E-4,0.0223600073073385
org.endeavour.mgmt.controller.DefectMaintenance,7.060230832086181E-5,1.1379000353208696E-4,0.18181836419067735,1.6919360473314056E-4,1.6317845632600968E-4,6.751169779342922E-5,8.860613670604314E-5,1.4542625898800494E-4,0.32632686488726026,1.7216999275341147E-4,0.48963253698664716,3.9980698805466375E-4,5.179518887247332E-5,5.388907437092461E-5,1.2148229904694614E-4,9.967605141672358E-5,1.1120257513823798E-4,2.078836829509363E-5,1.5093942649738062E-4,2.22175504570034E-4
org.endeavour.mgmt.controller.DependencyMaintenance,6.942269378279518E-5,0.518056012027426,0.17878056569955572,1.663667391442128E-4,0.010185177056498157,6.638372078955046E-5,8.712571645483326E-5,1.4299649523949863E-4,8.343754515342996E-5,1.692933980456611E-4,0.2842988934711624,3.931270628971663E-4,5.0929801334176315E-5,0.006736138679398062,1.1945258798675983E-4,9.801067641490509E-5,1.0934461641956032E-4,2.044103883736356E-5,1.4841754943559142E-4,2.1846342402442295E-4
org.endeavour.mgmt.controller.DocumentAssignmentMaintenance,9.928047853533785E-5,1.600107173813928E-4,0.2700079554081948,2.3791887889395788E-4,2.294604187313378E-4,9.493448334867346E-5,1.2459733771543277E-4,2.0449740139256777E-4,1.1932293259267498E-4,0.4924525619821012,0.23453737391420748,5.622058264079517E-4,7.2834037007936E-5,7.577844434005466E-5,1.708275702281827E-4,1.4016377535691968E-4,1.5637229343709602E-4,2.9232459977457972E-5,2.1224997948234904E-4,3.124216606672254E-4
org.endeavour.mgmt.controller.DocumentMaintenance,9.061953081824162E-5,1.4605183565700598E-4,0.2551769429573764,2.1716350984849877E-4,2.0944294179031208E-4,8.665266794082628E-5,1.1372781891815339E-4,1.866576273718105E-4,1.089135379575765E-4,0.3317222195625981,0.41036062424309566,5.131605826641577E-4,6.648020193525094E-5,6.91677475122942E-5,1.559250569021792E-4,1.2793628463461207E-4,1.4273081751110057E-4,2.6682302975376697E-5,1.9373389250965125E-4,2.8516687998278206E-4
org.endeavour.mgmt.controller.EventMaintenance,8.94490387048925E-5,1.44165349154228E-4,0.2389643815004425,2.1435850552669627E-4,2.0673766060701058E-4,8.553341402823616E-5,1.1225884734094347E-4,1.8424665394519479E-4,1.0750675030302564E-4,0.004523647601112859,0.08214631503762161,5.065323160039078E-4,6.562150678028325E-5,6.827433852826791E-5,0.6718147477800523,1.262837886348661E-4,1.4088722712037448E-4,2.633765955340498E-5,1.9123151811835363E-4,2.814835064208762E-4
org.endeavour.mgmt.controller.ExtensionsMaintenance,7.520247186073954E-5,1.2120410425910515E-4,0.19366492034049973,1.802175821381951E-4,0.021892475000556487,7.191048953396513E-5,9.437935757060972E-5,1.5490165136890476E-4,9.038412800808148E-5,1.8338789967687716E-4,0.10888040606282928,4.2585680955736874E-4,5.516995586039386E-5,5.740027054870789E-5,0.6734079967825987,1.061705435718859E-4,1.1844808939772402E-4,2.2142855083967963E-5,1.6077403478451698E-4,2.3665157029485688E-4
org.endeavour.mgmt.controller.GlossaryTermMaintenance,0.35744745832861047,1.4416534915422802E-4,0.26049197242152117,2.143585055266963E-4,2.067376606070106E-4,8.553341402823617E-5,1.1225884734094349E-4,1.842466539451948E-4,0.05177372496089178,2.181294168971298E-4,0.3275608515379182,5.065323160039079E-4,6.562150678028327E-5,6.827433852826792E-5,1.539110423985776E-4,1.262837886348661E-4,1.408872271203745E-4,2.6337659553404983E-5,1.9123151811835365E-4,2.814835064208762E-4
org.endeavour.mgmt.controller.HomeController,6.44679319190355E-5,1.0390320621579142E-4,0.0015573957526157352,1.5449299110025422E-4,0.0032520841678915845,6.164585323903992E-5,8.090747348958936E-5,1.327907031179669E-4,7.748253038512669E-5,1.5721077164906327E-4,0.45639940733722256,3.65069220818191E-4,0.071418219786128,4.920684975250398E-5,1.109271463014233E-4,9.101556378990045E-5,1.0154059001375504E-4,1.898214298979132E-5,1.3782485166219589E-4,0.4656654251296985
org.endeavour.mgmt.controller.IBasicInfoMaintenance,2.3808642867711769E-4,3.837247847051765E-4,0.5902113107589136,0.34437037825742367,5.50273451784932E-4,2.2766421387410816E-4,0.05759876934474613,4.904091588758559E-4,2.8615062396338556E-4,5.805948796140522E-4,9.088891716213974E-4,0.0013482366258266271,1.7466470763619687E-4,1.8172574759709243E-4,4.0966488795418984E-4,3.361294505923711E-4,3.749994101331492E-4,7.010292557164153E-5,5.090007657825399E-4,7.492244047066921E-4
org.endeavour.mgmt.controller.IPrivileges,1.4107992376771356E-4,2.2737903909426634E-4,0.3497342002707463,3.380883915191055E-4,3.2606871824053714E-4,1.3490416113366035E-4,1.7705578343175032E-4,2.905956762576437E-4,1.6956072817399544E-4,0.013925449104446685,5.385691900126804E-4,7.989078648847018E-4,1.0349890069392655E-4,0.5637363305070212,2.4275004452801348E-4,1.9917606194163036E-4,0.06812927471992229,4.1540021623632415E-5,3.016122743043613E-4,4.439586182557137E-4
org.endeavour.mgmt.controller.IReportConstants,1.4401378994799853E-4,0.014095956752185607,0.3362114197994246,3.4511920122848707E-4,3.328495695434474E-4,1.377095975512574E-4,1.807377954513312E-4,2.9663883820401027E-4,0.3883608641955844,0.028078888783908813,0.03520939212813296,8.155217721179385E-4,0.007037575835435197,1.0992232437608884E-4,2.47798219540328E-4,2.0331808226916494E-4,0.04181837732507533,4.240387851634342E-5,3.0788453493158814E-4,0.14602360757657507
org.endeavour.mgmt.controller.ITaskMaintenance,1.3467801172888606E-4,0.12338567305053277,0.3857244615270124,0.0845960074870343,3.112724013937395E-4,1.2878249229386507E-4,0.013134138414391617,2.7740905190613E-4,1.6186641676511814E-4,0.03274121691115269,0.2987118222490641,7.626550959468593E-4,9.88023369259392E-5,1.0279654536509928E-4,2.3173455493185696E-4,1.9013786859181097E-4,2.1212538336122115E-4,3.9655022274161925E-5,2.8792573976166877E-4,0.05876683943956533
org.endeavour.mgmt.controller.IterationMaintenance,4.533548046987167E-5,0.054627240996090086,0.13202521680792853,0.0743023195204643,1.047809044181874E-4,4.335092335638989E-5,5.689618194764662E-5,9.338178143120405E-5,0.045879993527211095,0.10921890185774313,0.5828116415006215,2.5672591066423615E-4,3.3258966022609296E-5,3.4603501454648944E-5,7.800677522962196E-5,6.400444673537037E-5,7.140591141110563E-5,1.3348723111992617E-5,9.692192202848505E-5,1.426643616600057E-4
org.endeavour.mgmt.controller.ITestMaintenance,2.25183425155829E-4,3.6292896582643125E-4,0.005439909416321761,0.011378560675605337,5.204515911879066E-4,2.1532603832327568E-4,2.826059632868512E-4,4.6383162088258867E-4,2.7064279964457183E-4,5.491297607589921E-4,0.4235776680054711,0.001275169454265314,1.6519882018432923E-4,1.7187718976797726E-4,3.8746325503797793E-4,3.179130427580382E-4,0.4122337882034517,6.6303724161761E-5,4.814156627184023E-4,0.14161463238518987
org.endeavour.mgmt.controller.ProjectMaintenance,5.5362779068022066E-5,8.922839742103608E-5,0.15589690863151862,1.3267311482215816E-4,1.2795633798800825E-4,5.293927774228715E-5,6.948047574073635E-5,1.1403595772608582E-4,6.653925577650595E-5,1.3500704860287956E-4,0.330648838484403,0.005643145505221653,4.0615181947045615E-5,4.225710163779659E-5,9.526030866081702E-5,7.816094606819386E-5,8.71994662156712E-5,1.6301192814766237E-5,1.1835910638858323E-4,0.506489731430236
org.endeavour.mgmt.controller.ProjectMemberAssignmentsController,5.536277906802206E-5,0.01607813932082368,0.1772154565293888,1.3267311482215814E-4,1.2795633798800822E-4,5.2939277742287146E-5,6.948047574073633E-5,1.140359577260858E-4,0.1546260115153354,0.03744246586987571,0.12012817799293483,0.11490070348180638,4.061518194704561E-5,4.225710163779658E-5,9.5260308660817E-5,0.013402253382237063,8.719946621567119E-5,1.6301192814766234E-5,0.04275545490212897,0.32261725581110556
org.endeavour.mgmt.controller.ProjectMemberMaintenance,6.407030090739565E-5,1.0326234283192955E-4,0.16808077762422885,1.535400955673308E-4,1.4808145862452648E-4,0.08641170370286709,8.040844521963814E-5,1.3197166487607825E-4,7.700462678213619E-5,1.56241113148927E-4,0.2099527935730656,3.6281751459353936E-4,4.700318467681296E-5,4.890334739304763E-5,1.1024296003874699E-4,9.045418994669727E-5,1.0091429898303942E-4,1.886506324959425E-5,1.3697476335372682E-4,0.533723969729645
org.endeavour.mgmt.controller.ProjectPlanMaintenance,2.5022810824331506E-5,0.3240351911151839,0.06684879567869408,0.19156622203326945,5.783357145627019E-5,2.3927439236646722E-5,3.14037125612653E-5,5.1541852583760786E-5,3.0074343046283807E-5,0.0012654622095161414,0.21207729226147207,0.002550582987494941,0.12287142746490656,0.009654634242645134,4.305565440922534E-5,0.0578485366354076,3.941232329425731E-5,0.007234018987654755,0.003666821420593242,7.874325575009045E-5
org.endeavour.mgmt.controller.SecurityGroupMaintenance,8.301540097265354E-5,1.3379623123603492E-4,0.22976851269652251,1.9894073257630373E-4,1.91868018258542E-4,7.938140828477836E-5,1.0418461013853914E-4,1.7099468117921196E-4,9.977430851008653E-5,2.0244042048778215E-4,0.26004670667362817,4.70099890703144E-4,6.0901668443497275E-5,0.5075354293688612,1.4284096379157789E-4,1.1720080508026557E-4,1.307538887020312E-4,2.4443318789825795E-5,1.7747715777672275E-4,2.612377560569517E-4
org.endeavour.mgmt.controller.SecurityMaintenance,2.3736305804623948E-5,3.825589255626034E-5,0.06569691428021719,5.688243398333512E-5,5.48601572979471E-5,0.5392909793572629,2.978914439259912E-5,4.889191638995963E-5,2.8528122137486884E-5,5.788308761524327E-5,0.09948963934687147,1.3441403201950284E-4,1.7413402925836163E-5,1.8117361587998228E-5,4.084202157983907E-5,0.1542733796426901,3.7386006102621274E-5,6.988993402156063E-6,5.074542845021603E-5,0.14060435306671273
org.endeavour.mgmt.controller.servlet.CreateProjectPlan,4.436731166029013E-5,0.04491837919167976,0.14201912409779063,0.1517314626734802,1.0254323973599989E-4,4.2425136060761495E-5,5.5681126803749E-5,9.138755246907945E-5,0.03422236956403622,0.03427723913442551,1.6937113705324384E-4,2.512433610862801E-4,0.15165768814359878,0.002169429865358806,7.634088957162065E-5,0.4229045757592004,6.988099151323626E-5,1.306365240730779E-5,9.48520910506258E-5,0.015088575081017673
org.endeavour.mgmt.controller.servlet.DownloadAttachment,1.3918953320503501E-4,2.2433228957686202E-4,0.3785465363317676,3.335581997837372E-4,3.2169958327586635E-4,1.3309652227008235E-4,1.74683336855878E-4,2.8670185983584634E-4,0.01356671870927829,3.394260257660805E-4,5.313526698519118E-4,7.882029548741583E-4,1.0211207441918639E-4,1.0624008314929345E-4,2.3949733229929754E-4,0.6031708571357782,2.1923128142420256E-4,4.098340901176235E-5,2.975708417482185E-4,4.380098258282934E-4
org.endeavour.mgmt.controller.servlet.DownloadDocument,1.2130930261177307E-4,1.9551465527069563E-4,0.37663118163633613,2.907094496581005E-4,2.8037418618400594E-4,1.1599899737325909E-4,1.522435867405973E-4,2.4987225600471173E-4,1.4579887156020092E-4,0.08788190869239275,4.630953228766732E-4,0.012365095417881774,8.899479903985255E-5,0.029287954257214848,2.0873160279811105E-4,0.490653341073071,1.910689205421758E-4,3.5718697026926316E-5,2.5934501293929814E-4,3.8174326247695454E-4
org.endeavour.mgmt.controller.servlet.ExecuteReport,3.0185450991615204E-5,4.865000389709078E-5,0.09081143633442999,7.233736948877972E-5,6.976564100328075E-5,0.0959228464202156,3.788284350338043E-5,6.217583132872246E-5,0.552153147191272,7.36099003288425E-5,1.1523222763777889E-4,0.030682655925026524,2.2144617824761962E-5,2.3039841785546817E-5,5.193878318489479E-5,0.22960699765024456,4.754376962749871E-5,8.887900230052087E-6,6.453294190514326E-5,9.498935607399242E-5
org.endeavour.mgmt.controller.servlet.GetResource,1.5590145866056608E-4,2.512669621370076E-4,0.4164929683229931,3.7360718652511456E-4,3.6032475379685786E-4,1.4907688449524703E-4,1.956568600557766E-4,3.2112499496110634E-4,1.873743913939035E-4,3.801795386894553E-4,5.951500402768982E-4,8.828393023233769E-4,1.1437225905023417E-4,1.189959011271081E-4,2.682528103300237E-4,0.5780375518457613,2.4555349652413287E-4,4.590412151468593E-5,3.3329897166234313E-4,4.90599897721485E-4
org.endeavour.mgmt.controller.servlet.SecureServlet,9.696365688778386E-5,1.5627668729472374E-4,0.3057120408617514,2.323667742192499E-4,2.241057017394738E-4,0.331465692706383,1.2168971867989437E-4,1.99725224491283E-4,1.1653839773387156E-4,2.3645448004114554E-4,3.7015641032457267E-4,5.49086121021567E-4,7.113437282311167E-5,7.401006909796202E-5,1.66841116712421E-4,0.18682589212190118,1.5272317006604199E-4,2.855028764019508E-5,2.0729688745043902E-4,0.17299245523374082
org.endeavour.mgmt.controller.servlet.StoreUser,1.7567585649876804E-4,2.8313743285345895E-4,0.4693205539222016,4.2099517894694327E-4,4.0602801464988483E-4,0.228478332558034,2.2047379649599327E-4,3.618561944040639E-4,2.1114078711558266E-4,4.2840116222382803E-4,6.706383248059134E-4,9.948178286394932E-4,1.2887913134985358E-4,1.3408923194145264E-4,3.02277750431648E-4,0.27929399800142085,2.7669927650943556E-4,5.1726558129733246E-5,3.7557430712963E-4,0.017464704686217667
org.endeavour.mgmt.controller.StandardReportController,4.955263306945937E-5,7.986416345443878E-5,0.11806963931123962,1.1874949718270229E-4,1.1452773094069366E-4,4.7383470430605214E-5,6.218872278145531E-5,1.0206824991538481E-4,0.8038565683042895,1.2083849210296098E-4,1.8916597587020947E-4,0.05752431094447497,3.635274893983361E-5,3.7822354428122733E-5,8.526304496660364E-5,6.995820560453281E-5,7.80481620680363E-5,1.4590434940994336E-5,0.01918717240731372,1.559351459862651E-4
org.endeavour.mgmt.controller.TaskMaintenance,5.139127490406313E-5,0.29939509166990635,0.14471348843114026,0.03475432673652799,1.1877726248495354E-4,4.914162586263444E-5,6.449622452785661E-5,0.010000475777410641,0.06932410811570801,1.2532218334293012E-4,0.4330858231952485,0.0027646737593782066,3.770161136879747E-5,3.922574631321749E-5,8.842671542588181E-5,7.255399266024797E-5,8.094412555177438E-5,1.5131810492722798E-5,0.00505717864927872,1.617210924665158E-4
org.endeavour.mgmt.controller.TestCaseMaintenance,8.611221917502147E-5,1.387873846779905E-4,0.23833982963425546,2.0636204566539735E-4,1.9902548981723563E-4,8.234266351243042E-5,1.080711274992144E-4,1.7737349083355938E-4,0.04569744610989086,2.099922864273094E-4,0.38994975692929507,4.8763656319286957E-4,6.317355285507202E-5,6.572742299414167E-5,1.4816952320983876E-4,1.2157288040908683E-4,0.2529748077500336,2.535515579437812E-5,1.8409779065047747E-4,0.07073435997981084
org.endeavour.mgmt.controller.TestPlanMaintenance,0.0012005449442545845,3.938072169484557E-5,0.0676285854179079,5.8554935000636196E-5,5.647319778276522E-5,2.336461287831718E-5,3.0665027698080515E-5,5.032947407119323E-5,0.05295434956882947,5.958501061926564E-5,0.25648541516568624,0.018956137782301433,0.0023701468558825515,1.8650062169967273E-5,0.014155371594318863,3.449613075524893E-5,0.5104705400618217,7.194489154648671E-6,5.223748451679065E-5,0.07534797746265545
org.endeavour.mgmt.controller.UseCaseMaintenance,0.19020200798727502,0.02439632488399281,0.12272117057278349,1.1008471871537028E-4,1.0617100151858484E-4,4.3926047165369056E-5,5.765100667442555E-5,0.0067279719656101735,0.10397771449547828,1.1202128622639478E-4,0.5175767657643189,2.6013181697887277E-4,3.370020283466931E-5,3.506257581846362E-5,0.03324579824718736,6.485357469731548E-5,7.23532324039428E-5,1.3525816652032421E-5,9.820775634653048E-5,1.4455704732229134E-4
org.endeavour.mgmt.controller.UseCaseTaskMaintenance,4.6975618749412516E-5,0.3822038011430658,0.14584605151272387,0.09281820524844636,1.0857164779445732E-4,4.491926471096113E-5,5.8954561058331716E-5,9.676012953184497E-5,5.6458919943060227E-5,0.015942344939150924,0.3122129168667553,2.6601369120756184E-4,3.446220248875597E-5,3.585538026466032E-5,0.004603054810775532,6.631998728029251E-5,7.398922071933471E-5,1.3831650645395963E-5,1.0042834465372301E-4,0.045370084860034625
org.endeavour.mgmt.controller.WorkProductMaintenance,6.896181165283758E-5,1.111460089363225E-4,0.2008294175019071,0.06987247327885777,1.593868846300874E-4,6.594301373880244E-5,8.654730781659433E-5,1.42047172680673E-4,8.2883621480444E-5,0.026723297500739696,0.42846469911985335,3.905171780278338E-4,5.0591689485756084E-5,5.263692201144871E-5,0.020035005571789066,9.736000490039982E-5,1.0861870134814987E-4,2.0305335236644962E-5,1.4743223767974141E-4,0.25249072913722714
org.endeavour.mgmt.model.Actor,0.23063214168330937,1.1697004884860859E-4,0.19737955213543812,1.7392199311187293E-4,1.6773874167348688E-4,6.939842115852588E-5,9.108237821497036E-5,1.4949043052714774E-4,8.72267150759457E-5,1.769815610995418E-4,0.5696893170203263,4.109802396621069E-4,5.324268902784343E-5,5.539509153627799E-5,1.248773179777223E-4,1.0246165956012907E-4,1.1431031059193959E-4,2.1369332801490696E-5,1.5515767240134622E-4,2.283845576575008E-4
org.endeavour.mgmt.model.Attachment,7.891603197355544E-5,1.271892629373955E-4,0.19942972889645186,0.08755519211721076,1.8239341719955836E-4,7.54614888431489E-5,9.903988812333453E-5,1.6255082272856574E-4,9.484737082839742E-5,1.9244374548303968E-4,0.4561242613030418,4.468859702034684E-4,5.789429380354505E-5,6.0234743271482915E-5,1.357873591362034E-4,0.25461258903804834,1.2429715378806992E-4,2.3236287538900536E-5,1.6871318928276098E-4,2.4833762010595395E-4
org.endeavour.mgmt.model.ChangeRequest,1.1525258877606288E-4,1.8575302700174202E-4,0.29680385327872777,2.76194949055036E-4,2.663757031651789E-4,1.1020741571222542E-4,1.4464239030835907E-4,2.3739666907509913E-4,1.3851944596300934E-4,0.18889741236171412,0.3887677712853382,0.10605591201855541,8.455147920331917E-5,8.796957883825505E-5,1.9831008062793422E-4,1.627131355613036E-4,1.8152925829281342E-4,3.393533893468773E-5,0.016889016356705873,3.62683638443563E-4
org.endeavour.mgmt.model.Comment,7.493123745970743E-5,1.20766954763777E-4,0.2073933123722236,0.1408417210847431,1.7318362458780694E-4,7.165112839763455E-5,9.403895747621039E-5,1.543429641929602E-4,9.005813759557909E-5,1.827264705257516E-4,0.13012803602676148,4.243208624826551E-4,5.497097317322273E-5,5.7193243736740995E-5,0.38604817254422347,1.0578761594889101E-4,0.13356673060829147,2.206299196395028E-5,1.6019416755479288E-4,2.357980338972622E-4
org.endeavour.mgmt.model.Defect,1.4107992376771356E-4,2.2737903909426634E-4,0.3768970266578983,3.380883915191055E-4,3.2606871824053714E-4,1.3490416113366035E-4,1.7705578343175032E-4,0.0410348352569857,0.10882086627678218,3.44035910870663E-4,0.35365531222298924,0.09586880021991685,1.0349890069392655E-4,1.0768297361626388E-4,0.013824163238104037,1.9917606194163036E-4,2.222087520421818E-4,4.1540021623632415E-5,0.007092318871092373,4.439586182557137E-4
org.endeavour.mgmt.model.Dependency,9.696365688778386E-5,0.35019815023588136,0.2683742410165688,2.323667742192499E-4,2.241057017394738E-4,9.271908038762435E-5,1.2168971867989437E-4,1.99725224491283E-4,1.1653839773387156E-4,2.3645448004114554E-4,0.03770795625550715,0.005216311101669389,7.113437282311167E-5,0.02341013497233707,0.31287091482011653,1.3689289598828108E-4,1.5272317006604199E-4,2.855028764019508E-5,2.0729688745043902E-4,3.051309497714177E-4
org.endeavour.mgmt.model.Document,4.203341873890913E-5,6.77454176856264E-5,0.12443223498873118,1.0073021413652788E-4,9.714906703543649E-5,4.019340911956261E-5,5.275208326158415E-5,8.6580212248806E-5,5.051900297838817E-5,0.33798129638885005,0.5363154343389508,2.3802698443328442E-4,3.083651107614355E-5,3.2083115727477966E-5,7.23250622628274E-5,5.9342609428567136E-5,6.620497993334598E-5,1.2376453549864144E-5,8.986250264427261E-5,1.3227323920740985E-4
org.endeavour.mgmt.model.email.Email,5.815214759156013E-5,9.372403306942324E-5,0.16095245346851864,1.3935764577661014E-4,1.344032213919721E-4,0.722218574341159,7.298114271039004E-5,0.005717944025247699,6.989173389930018E-5,1.4180917122331288E-4,2.2199441415527465E-4,3.293041761726938E-4,4.266151545862141E-5,4.4386160749146394E-5,1.0005985288518713E-4,0.058862805646529216,9.159287728400766E-5,1.7122503357681118E-5,1.2432244803060535E-4,0.050566459474789674
org.endeavour.mgmt.model.email.EmailCourier,6.739582010177866E-5,1.0862209451533239E-4,0.17680487981010878,1.615094749472491E-4,1.5576751169457304E-4,0.165509156804165,8.458198310195414E-5,0.2207317698593762,8.100149211277386E-5,1.6435068674808186E-4,2.5728190994927353E-4,3.816492758269235E-4,4.944284846215703E-5,5.144163764800081E-5,1.1596503523524623E-4,0.08119549778696344,0.0033501661229769315,1.98442397018861E-5,1.4408433203418714E-4,0.3505655912743301
org.endeavour.mgmt.model.Event,8.268500467248492E-5,1.3326373028730792E-4,0.22487410802102567,1.9814896043250963E-4,1.9110439509211063E-4,7.906547505682099E-5,1.0376996165981141E-4,1.703141326382402E-4,9.937721276643683E-5,2.0163471979670465E-4,0.1634931807026663,0.03230774749726017,6.0659283468034036E-5,6.311151111243722E-5,0.5334542086105433,1.1673435292895862E-4,0.04390957153786298,2.434603585199284E-5,1.7677080936899552E-4,2.601980455086162E-4
org.endeavour.mgmt.model.GlossaryTerm,0.27609197064480445,1.466916840060735E-4,0.26505679990895326,2.1811489613289022E-4,2.1036050451676142E-4,8.703229046508157E-5,1.1422605679959106E-4,1.8747536837573182E-4,1.0939068463046677E-4,2.2195188846434684E-4,0.4559680760676837,5.15408722512227E-4,6.677144954102455E-5,6.947076916796441E-5,1.566081595128949E-4,1.2849676934294213E-4,1.4335611658751894E-4,2.6799197278220024E-5,1.9458263440134399E-4,2.864161868233631E-4
org.endeavour.mgmt.model.IPlanElement,3.043571115221403E-4,4.905334913091887E-4,0.7837946586004713,0.1472278797825861,7.034405079833768E-4,2.910339027582796E-4,3.81969208548081E-4,6.26913158758314E-4,3.657998393846483E-4,7.422018193381429E-4,0.0011618758973598975,0.045673067102843704,2.2328213412409933E-4,2.323085945518588E-4,5.236939488007105E-4,4.296901307993383E-4,0.015129230310852417,8.961587627983528E-5,6.506796867713292E-4,9.577688949573455E-4
org.endeavour.mgmt.model.Iteration,3.4043585011246354E-5,5.4868172879978986E-5,0.08439334003228438,0.5473892158531823,7.868269157280509E-5,3.255332973872554E-5,4.2724814800127135E-5,7.01227952523301E-5,4.0916204871676345E-5,8.301830243352708E-5,0.36718657652292414,1.9278212723687272E-4,2.49750179206617E-5,2.598466435667319E-5,5.8577305378899826E-5,4.806259470397398E-5,5.362054598814714E-5,1.0023901486093503E-5,7.278117840226478E-5,1.0713035957510713E-4
org.endeavour.mgmt.model.ITestPlanElement,3.5058070725865173E-4,5.650322328831836E-4,0.885957056588299,8.401426953551642E-4,8.102740546125132E-4,3.352340642049402E-4,4.399799781713738E-4,7.221242752898746E-4,4.21354920097677E-4,8.549221585489252E-4,0.0013383333538884057,0.035734801895572,2.5719263830558975E-4,2.675899734129574E-4,6.032288650639055E-4,4.949484150520212E-4,0.06805124876030641,1.0322609887662515E-4,7.495002947238063E-4,0.001103228030076957
org.endeavour.mgmt.model.persistence.BinaryBlobType,0.006139630378771427,2.0139443876109064E-4,0.33984036526034883,2.99452060897319E-4,2.888059812777047E-4,0.5053520108495769,1.5682206361536925E-4,2.573867554345888E-4,1.5018353416634155E-4,3.047199049633284E-4,4.77022157313506E-4,0.14505975917959876,9.167117206877493E-5,9.537709422099345E-5,2.150088643688961E-4,1.7641446357220697E-4,1.9681500583167E-4,3.6792878421597556E-5,2.671443900411604E-4,3.932235667496642E-4
org.endeavour.mgmt.model.persistence.PersistenceManager,7.921693949950186E-5,1.2767423671877196E-4,0.2040031650315802,1.8983797936090232E-4,1.8308888490803138E-4,0.4614498164316476,9.941752809027039E-5,1.6317063044931124E-4,0.16405458828024136,1.931775351819005E-4,3.0240874677374847E-4,0.050017704609004426,5.811504525643966E-5,6.04644188788413E-5,0.03826639331649967,0.07255900573067299,1.2477109993175187E-4,2.332488770822802E-5,0.00779537413395462,2.4928453364173015E-4
org.endeavour.mgmt.model.persistence.SessionFactoryManager,1.2647894039454922E-4,2.0384657975804115E-4,0.3500661043781595,3.030981331506781E-4,2.9232242885794647E-4,0.6454390237964416,1.5873149971391918E-4,2.6052064840082883E-4,1.5201214077266933E-4,3.084301175001992E-4,4.8283028982996467E-4,7.162253673304943E-4,9.278734310433671E-5,9.65383878711461E-5,2.176267720642133E-4,1.7856245306606592E-4,1.9921138851027723E-4,3.724086162375759E-5,2.7039709014030453E-4,3.9801138330967267E-4
org.endeavour.mgmt.model.Privilege,2.0516911332954017E-4,3.3067182484096077E-4,0.5481122098085345,4.916737524553419E-4,4.7419383296562777E-4,1.9618785143257013E-4,2.5748793397684463E-4,4.226062478836079E-4,2.465880567971449E-4,5.003230856792417E-4,0.08966326807849408,0.0011618323422138237,1.5051594244492117E-4,0.3556767605802114,3.5302550544698307E-4,2.8965691881374455E-4,3.231528017099166E-4,6.0410646508734744E-5,4.386274193783876E-4,6.456382568827128E-4
org.endeavour.mgmt.model.Project,0.14690033323695045,0.009248458844518507,0.030159008311601683,0.261165268228426,3.407242308000181E-5,1.4096757512347496E-5,1.8501374785046088E-5,3.0365681443153948E-5,1.7718181919664166E-5,0.044030668018727105,0.24060804278606016,8.348156462593281E-5,1.0815077115607054E-5,1.12522901778619E-5,2.5366070883703323E-5,2.0812824629431698E-5,0.14265125739556753,4.340708299618995E-6,3.151685654383681E-5,0.12493462336713262
org.endeavour.mgmt.model.ProjectMember,2.0895378721069027E-5,3.367715978447935E-5,0.047776117550013715,0.030223266038255463,4.82941099964559E-5,0.24039974116308238,2.6223771255032915E-5,4.304018990048708E-5,2.5113676962637438E-5,5.095523487187775E-5,0.32695601092961407,1.1832642061454549E-4,1.532924507936852E-5,0.06036233233262665,3.595376279987777E-5,2.950001059891358E-5,0.10362753619590621,6.152501792787603E-6,4.467186067444474E-5,0.1901568624674495
org.endeavour.mgmt.model.SecurityGroup,5.9484155475441646E-5,9.58708351417127E-5,0.1703655522205235,1.4254971159948187E-4,1.374818033176233E-4,5.688024121965924E-5,7.465281712812092E-5,1.2252514691928607E-4,7.149264365805737E-5,1.4505739062533495E-4,0.2665042899055059,3.36847074879341E-4,4.363870163802683E-5,0.38085044594348705,0.0659558554732016,8.397948849922426E-5,9.369086402572856E-5,1.7514703997017937E-5,1.2717012413163815E-4,0.11471502075502633
org.endeavour.mgmt.model.Task,2.9209344793819405E-5,0.31779301279096356,0.07943913630296381,0.21096331853913766,6.750963115948497E-5,2.7930708008901258E-5,3.665782691031878E-5,0.008495898066633168,3.510604230889704E-5,7.122957876432214E-5,0.1111819880123612,0.07889891303633519,2.142852785437942E-5,2.229480297962161E-5,0.19266615848516924,4.1237634048535184E-5,4.600634790029417E-5,8.600492415527321E-6,6.244614172537772E-5,9.191768756673005E-5
org.endeavour.mgmt.model.TestCase,3.66241899327655E-5,5.902734345270397E-5,0.10841920416450215,8.776736713755299E-5,8.46470734392882E-5,3.502096888154316E-5,4.5963482740292036E-5,7.543831153767614E-5,4.4017774804068956E-5,8.931133648870521E-5,1.3981195750740907E-4,2.0739558543065743E-4,2.686819850489797E-5,2.7954379141432256E-5,0.5923839151578942,5.170588222475306E-5,0.2785895357616356,1.0783743009813479E-5,7.82982080311009E-5,0.019506709113703197
org.endeavour.mgmt.model.TestFolder,8.906556529393203E-5,1.435473036281618E-4,0.22936580648136823,2.134395377158302E-4,2.0585136381685154E-4,8.516672713586257E-5,1.1177758690792367E-4,1.8345677745384964E-4,1.070458623959349E-4,2.171942829623278E-4,3.4000563706961716E-4,0.01336554128759547,6.534018343235526E-5,6.798164233101887E-5,0.20593213931422177,1.2574240243465673E-4,0.5488839848290277,2.6224748422196733E-5,1.9041169709402793E-4,2.802767696923526E-4
org.endeavour.mgmt.model.TestPlan,2.529703004278628E-5,4.0771317629418034E-5,0.07123429942675982,6.062260291165107E-5,5.846735624074236E-5,2.4189654530250642E-5,3.174785861166644E-5,5.210668787074968E-5,3.0403920842463025E-5,6.16890521391409E-5,9.657079913299313E-5,1.4325210646329853E-4,1.8558379749059646E-5,1.9308625535921908E-5,0.14981337862943708,3.571424401275705E-5,0.7781124855119299,7.448538012546813E-6,5.408207320067068E-5,7.960618494705252E-5
org.endeavour.mgmt.model.TestRun,4.087561019769534E-5,6.587937334334434E-5,0.10526478182080516,0.03551289510379461,9.447310055544947E-5,3.9086283556729134E-5,5.129902961047711E-5,8.419536437658243E-5,4.912745941860061E-5,9.967880199533076E-5,1.5604165133866388E-4,2.3147054234780843E-4,2.998712082961232E-5,3.119938781448669E-5,0.3758621908854535,5.770802004431825E-5,0.20271653516480112,1.2035544719226869E-5,8.738724423755932E-5,0.27951315249075975
org.endeavour.mgmt.model.UseCase,0.1954082377128392,0.1847194671041696,0.0675827436783984,0.06563951187094579,6.425728731668163E-5,2.6585118281069882E-5,3.489179952141673E-5,5.726673188103262E-5,3.3414773691552606E-5,6.779802273385982E-5,1.061340547148964E-4,1.5743813908448352E-4,2.0396187143423855E-5,2.122072860013067E-5,0.48582248252171073,3.92509698809783E-5,4.3789946184664775E-5,8.18615511176341E-6,5.943773653845614E-5,8.748946125193742E-5
org.endeavour.mgmt.model.Version,9.606692498358898E-5,1.5483142114164073E-4,0.2982607161507739,2.3021781752139762E-4,2.2203314446273716E-4,9.186160285243386E-5,1.2056431709485461E-4,1.9787814088674145E-4,1.1546063620273769E-4,0.13433206299857017,0.2361938903725174,5.440081045907254E-4,7.04765133359308E-5,7.332561481558467E-5,1.6529814940807646E-4,0.32844402223137803,1.5131076728025912E-4,2.8286251045220805E-5,2.053797801693859E-4,3.0230906096895656E-4
org.endeavour.mgmt.model.WorkProduct,1.603959022747033E-5,2.5851067366557706E-5,0.04284999384815463,0.406906531641104,3.7071246474344885E-5,1.5337458419152714E-5,2.0129740205451708E-5,3.303826260015262E-5,0.0023354147727173815,0.07338345725922361,0.013186007968268276,9.082904526764705E-5,1.1766946790087076E-5,1.2242640378259425E-5,0.2795081488616917,2.264462817491339E-5,2.526324960015195E-5,4.722747979225953E-6,8.063364752179599E-4,0.1807091725501393
org.endeavour.mgmt.view.AboutView,7.28298221524681E-5,1.1738009587884605E-4,0.334788822599608,1.745316893330039E-4,0.010685045382090799,6.964170238119214E-5,9.140167412928046E-5,0.49093021674841086,8.753249468214689E-5,1.776019828592145E-4,2.780260810886459E-4,4.12420960841747E-4,5.342933515420336E-5,5.5589283066484E-5,1.2531508451612102E-4,1.028208463744409E-4,1.1471103371589427E-4,2.1444244554881073E-5,0.16141205376279408,2.2918517636751572E-4
org.endeavour.mgmt.view.ActorsListView,0.11846755820033775,5.2875361371521124E-5,0.08606556478146599,7.862002561141002E-5,0.7470043217355934,3.1370993117386585E-5,4.1173049939710354E-5,6.757593600681167E-5,3.94301287063727E-5,8.000307849187955E-5,1.2524039444850474E-4,1.8578028223971933E-4,2.4067925511277004E-5,2.5040901598495248E-5,0.004793839821334143,4.631696172906268E-5,5.167304827633679E-5,9.65983348104382E-6,0.03007360803980103,0.012736279500938419
org.endeavour.mgmt.view.ActorView,0.10767840459447578,6.435984011415329E-5,0.11436950231699466,9.569622120533263E-5,9.22940419476733E-5,3.81847433073935E-5,5.0115797649357505E-5,0.767006364912504,4.7994315563949166E-5,9.737967187020848E-5,1.5244249029153014E-4,0.009836709423684652,2.9295456288256043E-5,3.047976186620313E-5,6.871061693179836E-5,5.6376962239758485E-5,6.289638574587933E-5,1.1757940224767485E-5,8.537162364665972E-5,1.256628834480753E-4
org.endeavour.mgmt.view.AttachmentsTabSheet,3.7824414457013545E-5,6.09617497929727E-5,0.1046897244556795,0.194898174338504,0.6245638980392257,3.6168653671069425E-5,0.051025141357658954,7.791052762604838E-5,4.546029716209677E-5,9.223819047629917E-5,1.4439378554214718E-4,0.023882396887238456,2.7748705918908868E-5,2.8870482172441785E-5,6.508281297914457E-5,5.3400354321145E-5,5.957556333144775E-5,1.1137140937448934E-5,8.086414681790063E-5,1.1902809648746189E-4
org.endeavour.mgmt.view.AttachmentView,4.4462263729840215E-5,7.16599962124488E-5,0.11022102814136424,1.0655077509447938E-4,1.027626961886661E-4,4.2515931610889874E-5,5.580029197348878E-5,0.62287108464293,5.343817612709302E-5,1.0842517484523822E-4,1.6973361427765612E-4,2.517810559837875E-4,3.261835770466326E-5,3.393699574166807E-5,7.650426943812285E-5,0.2654396039008971,7.003054632100102E-5,1.309161039677207E-5,9.50550874010779E-5,1.399164717619333E-4
org.endeavour.mgmt.view.BasicInfoPanel,2.769098539207569E-5,4.462966439073502E-5,0.07930834656968623,0.3226211726031642,6.400034726753872E-5,0.017353803482643003,0.1319889939829511,5.7037744360422695E-5,3.328116093021561E-5,6.752692465268533E-5,1.0570966566311796E-4,0.004155421989750798,2.0314630676510896E-5,2.113587511071251E-5,4.764666550301387E-5,3.909402042744126E-5,4.3614847119725996E-5,8.15342184236251E-6,0.443905285793747,8.713962472113629E-5
org.endeavour.mgmt.view.ChangeRequestsListView,2.01456851885557E-5,3.246887592320696E-5,0.05188011006435098,4.827775717162516E-5,0.4732540569937292,1.9263809394309244E-5,2.528290332579151E-5,4.149597515150981E-5,2.4212637481714593E-5,0.13968412574259115,7.690566499110844E-5,1.1408105356739402E-4,1.4779255722979081E-5,1.5376725679357513E-5,3.4663797980364434E-5,2.844159632223046E-5,3.1730578279544654E-5,5.931759643798521E-6,0.33458525349412543,6.339562937992319E-5
org.endeavour.mgmt.view.ChangeRequestView,1.5117546688577738E-5,2.4365006357468515E-5,0.037476084193882826,3.6228167035811126E-5,3.494018808659233E-5,1.4455777264094682E-5,0.41988127388874236,0.31802043830605053,1.8169433015431222E-5,0.1746762975688179,5.7710868120765664E-5,8.560769402705335E-5,1.1090518208906056E-5,1.1538866322958014E-5,0.001481340701081276,2.1342890860979715E-5,2.3810979577358184E-5,4.451258545998075E-6,3.231953574168134E-5,0.048073416611571676
org.endeavour.mgmt.view.CommentsTabSheet,3.4155522605388795E-5,5.504858311777114E-5,0.09124696533798177,0.005013952126053672,0.6133034681605437,0.0016766939510669903,0.03621160414031913,7.035336371309872E-5,4.1050740101537166E-5,8.329127218806758E-5,1.3038787981152708E-4,1.934160078199379E-4,2.5057137457096528E-5,2.607010367840514E-5,0.2515959082319075,4.8220627743609165E-5,5.3796853944918864E-5,1.0056860747461054E-5,7.302048780538757E-5,1.0748261139307785E-4
org.endeavour.mgmt.view.CommentView,3.1561143603993936E-5,5.086721280915954E-5,0.08127773211020686,0.08211007856323103,7.294518855924537E-5,0.010664274206698535,3.9609342403727374E-5,0.6502639394851781,3.7932615418112096E-5,7.696464881706129E-5,1.2048390084661286E-4,1.787245497204942E-4,2.3153851947317814E-5,2.408987546380976E-5,0.1747572894077951,4.455789403294534E-5,4.97105622541636E-5,9.292963539837925E-6,6.747401081475245E-5,9.931846665915156E-5
org.endeavour.mgmt.view.components.CheckBoxComponent,3.043571115221403E-4,4.905334913091887E-4,0.7398451059682547,7.29371008530912E-4,7.034405079833768E-4,2.910339027582796E-4,3.81969208548081E-4,0.015276764036163834,3.657998393846483E-4,7.422018193381429E-4,0.0011618758973598975,0.01637336534803266,2.2328213412409933E-4,0.21998007175563467,5.236939488007105E-4,4.296901307993383E-4,4.79379433446897E-4,8.961587627983528E-5,6.506796867713292E-4,9.577688949573455E-4
org.endeavour.mgmt.view.components.DialogComponent,1.7717402924238734E-4,2.855520434496644E-4,0.43068268648002755,4.245854474953016E-4,4.0949064245098264E-4,1.6941824996282557E-4,2.2235400837698603E-4,0.14534181685731823,2.1294140661234947E-4,4.320545893786464E-4,6.763575629475402E-4,0.001003301686270463,1.2997821921347834E-4,1.352327518110082E-4,3.0485559064102495E-4,2.501335730867888E-4,2.790589821770639E-4,0.1961973511494312,0.22210811505363975,5.575416764667173E-4
org.endeavour.mgmt.view.components.DropDownGridBoxComponent,8.54042343794646E-5,1.3764632294356455E-4,0.21582614942693887,2.0466540850854782E-4,0.053638134459309844,8.166567069595258E-5,0.22620264343815877,1.7591518751902314E-4,1.0264539265252034E-4,2.0826580269016888E-4,3.260285950333613E-4,0.4526745490524856,0.004173480722434921,6.518703492173109E-5,1.4695132478686855E-4,1.2057335035741383E-4,1.3451643461209387E-4,2.514669449860185E-5,0.045401676369271816,2.6875507780059753E-4
org.endeavour.mgmt.view.components.EventListComponent,3.7214627474185126E-5,5.9978953839410885E-5,0.0832978894713401,8.918231033669825E-5,0.6216600990053744,3.558556006574441E-5,4.6704483859882186E-5,0.11292728129116601,4.472740815792031E-5,9.075117081771285E-5,1.42065938512949E-4,2.1073911711798655E-4,2.7301354653791078E-5,2.8405046171132564E-5,0.1809832924165603,5.253945954165102E-5,5.8615114808035095E-5,1.0957593318085255E-5,7.956049401018509E-5,1.1710918287383841E-4
org.endeavour.mgmt.view.components.EventViewComponent,5.2296825051181646E-5,8.428698790195948E-5,0.13467722811496619,1.253257656434628E-4,1.2087020078466247E-4,5.000753562285394E-5,6.5632693037712E-5,0.7980736266145568,6.285435588600559E-5,1.2753044771806498E-4,1.9964186225691368E-4,2.9614663607756953E-4,3.836594008578986E-5,3.991693135213855E-5,0.06553829259471976,7.383244467083098E-5,8.237041756221045E-5,1.5398443559200224E-5,1.1180445751129587E-4,1.64570731035487E-4
org.endeavour.mgmt.view.components.GridBoxComponent,6.160065222974658E-5,9.92820008511042E-5,0.14677659570397153,1.4762175136395276E-4,0.18101168931026596,0.008954116340346291,7.730902774233432E-5,1.2688469567143182E-4,7.40364126171952E-5,1.5021865573858377E-4,0.07139685701185784,0.5903979117526577,4.519140369188884E-5,4.701832288853634E-5,1.0599354374720616E-4,8.696754999923461E-5,9.702446451200172E-5,1.81378920353453E-5,1.3169494511661942E-4,1.9384856269555003E-4
org.endeavour.mgmt.view.components.GridBoxModel,1.1336588346953238E-4,1.8271221702541047E-4,0.28648839584346636,2.716735887840615E-4,2.6201508568986096E-4,1.084033007829957E-4,1.422745687414676E-4,2.3351044352430542E-4,1.3625185808032958E-4,2.7645276478398327E-4,0.16959126973993763,0.5408578178816253,8.316735650219822E-5,8.652950124025961E-5,1.9506370945803194E-4,1.600494926916218E-4,1.7855759215890067E-4,3.337981142136315E-5,2.4236291761871428E-4,3.5674644299736944E-4
org.endeavour.mgmt.view.components.PanelComponent,2.875092414685777E-4,4.633797163335827E-4,0.7542461358194211,6.889962398550344E-4,6.645011376836495E-4,2.7492354689923477E-4,3.60825074415989E-4,5.922100056734214E-4,3.455507703593027E-4,7.011167934513166E-4,0.0010975595617264454,0.0016281082956528176,2.1092221796445567E-4,2.1944901327327E-4,4.94704556855487E-4,4.059043764570122E-4,4.528430980195046E-4,8.465513581693673E-5,0.23587595437408115,9.047510245915605E-4
org.endeavour.mgmt.view.components.TabFolderComponent,2.835847407096218E-4,4.570545838295041E-4,0.6893506824664019,6.795914421086484E-4,6.554306980489238E-4,2.711708408542056E-4,0.30065587019276635,5.841263398933056E-4,3.4083400280913306E-4,6.915465501646599E-4,0.001082577875186587,0.0016058846196091725,2.0804312997321756E-4,2.1645353453754668E-4,4.879518403204587E-4,4.003637822648664E-4,4.466617903412271E-4,8.349959332701162E-5,6.062708025294238E-4,8.92401174324004E-4
org.endeavour.mgmt.view.components.TabSheetComponent,2.3538887359484225E-4,3.793771251223606E-4,0.5721939771920054,5.640933417727493E-4,5.440387707291851E-4,2.2508474405467883E-4,0.23822857551378895,0.17043711109073864,2.8290849431215903E-4,5.740166522159255E-4,8.985913204681198E-4,0.001332960901870766,1.7268573020184192E-4,1.7966676751689792E-4,4.0502332309612187E-4,3.3232105331082104E-4,3.7075061035789274E-4,6.930864887049192E-5,0.011833384266570853,7.407355794010625E-4
org.endeavour.mgmt.view.components.URLListComponent,1.1153995464183543E-4,1.797693607265948E-4,0.2926117412725755,2.6729787518925657E-4,2.577949368795605E-4,1.0665730184698979E-4,0.11825439563562841,2.2974940504120732E-4,1.3405731605514428E-4,2.7200007533926813E-4,4.2580107375456367E-4,0.2583358018042597,8.182782057557594E-5,8.51358128930657E-5,1.9192191371281866E-4,0.04847700408671177,1.7568165237041297E-4,3.28421791278369E-5,0.279417980020114,3.5100050255645795E-4
org.endeavour.mgmt.view.DefectsListView,1.8796879843756162E-5,3.0295001320533578E-5,0.054739954467532596,4.5045437382124334E-5,0.4469970694032841,1.7974047898035874E-5,2.3590148037564828E-5,3.871771307959872E-5,2.2591539239517172E-5,4.583785917846518E-5,7.175663327466442E-5,0.00282073630589543,1.3789746608509369E-5,1.4347214417381884E-5,3.234296771078754E-5,2.6537358428358872E-5,2.960613459959761E-5,5.534613106625056E-6,0.49494632539992967,5.9151129232906775E-5
org.endeavour.mgmt.view.DefectView,1.713777535317891E-5,2.76210164277889E-5,0.04908343303421381,0.0041655969746375735,0.0016894203963814215,1.6387570576833676E-5,0.4842410326780409,0.3464956075879925,2.059749956309792E-5,0.052010838079107766,6.542304208909078E-5,9.219533452225427E-4,1.2572596171188253E-5,1.3080859146453243E-5,8.543937128408317E-4,2.419504146392005E-5,2.699295245069202E-5,5.046101101699966E-6,3.663854687999518E-5,0.0602720311903391
org.endeavour.mgmt.view.DependenciesListView,3.662418993276551E-5,0.13403637321077225,0.10489348453641484,8.776736713755303E-5,0.7263828904594347,3.502096888154318E-5,4.5963482740292056E-5,7.543831153767617E-5,4.4017774804068976E-5,8.931133648870524E-5,0.028345568982206262,2.073955854306575E-4,2.686819850489798E-5,2.7954379141432266E-5,6.30176392185992E-5,5.170588222475308E-5,0.005346264584865554,1.0783743009813484E-5,7.829820803110095E-5,1.152511592227444E-4
org.endeavour.mgmt.view.DependencyView,3.6753773433165094E-5,0.1893526317364695,0.10526461806647491,8.807790513649357E-5,0.16461098194955964,3.5144879874342915E-5,4.612611047335528E-5,0.4830392284342887,4.417351824438487E-5,8.962733735121761E-5,1.403066393798215E-4,0.005515420855127778,2.6963263411946764E-5,2.8053287166628012E-5,0.001832337762476727,5.188882768299344E-5,5.788924397826864E-5,1.0821897987962801E-5,0.04961329557126379,1.156589402184363E-4
org.endeavour.mgmt.view.DocumentAssignmentView,3.947751634478709E-5,6.362606026840044E-5,0.10736494857904524,9.460516879888426E-5,0.3668300600102569,3.7749391152936396E-5,0.21477227219008038,0.15589780829833036,4.7447122447728486E-5,0.1540125610155925,1.5070446193698642E-4,2.2355341179438966E-4,2.8961452733270072E-5,3.013225579842706E-5,6.792723297987473E-5,5.573419683538628E-5,6.217929104599872E-5,1.1623885516906211E-5,8.439828411194357E-5,1.2423017492875892E-4
org.endeavour.mgmt.view.DocumentsListView,3.2703835117580756E-5,5.270889298165766E-5,0.08894291994132207,7.837250486195175E-5,0.760394099588502,3.127222729192063E-5,4.104342413382559E-5,6.736318555047855E-5,3.930599016873248E-5,0.11499331533635014,0.01271811340024264,1.8519538705128697E-4,2.3992152056433556E-5,2.496206490666554E-5,5.627205642739625E-5,4.617114125914231E-5,5.151036514902048E-5,9.629421264763353E-6,6.991695079541671E-5,0.022141132134567008
org.endeavour.mgmt.view.DocumentView,2.7112779926912753E-5,4.369776848693322E-5,0.08417753726603369,6.497392336413497E-5,6.266397913045515E-5,2.592592010514515E-5,0.1266228996131137,0.5207667778929156,3.2586229028574984E-5,0.11229955069738756,1.0350238031225238E-4,1.5353434098931478E-4,1.9890448210137324E-5,2.0694544535907016E-5,4.6651772688599374E-5,0.15533802910287833,4.270414124885121E-5,7.983173185542158E-6,5.796393277000933E-5,8.532009368846937E-5
org.endeavour.mgmt.view.DownloadAttachmentView,9.6066924983589E-5,1.548314211416408E-4,0.25202009708910617,0.08346333212852333,2.2203314446273722E-4,9.186160285243389E-5,1.2056431709485465E-4,0.5412131211623994,1.1546063620273772E-4,2.3426771973374404E-4,3.667331580119621E-4,0.005168070010757499,7.047651333593083E-5,7.33256148155847E-5,1.6529814940807652E-4,0.07874467929837232,1.5131076728025914E-4,2.8286251045220815E-5,0.03719787502950358,3.023090609689566E-4
org.endeavour.mgmt.view.FolderView,4.740436524804243E-5,7.640179219773766E-5,0.13805018794659638,1.1360132022812044E-4,1.0956258128467208E-4,4.532924286513064E-5,5.949263937012275E-5,0.7051584365154779,5.697422053699474E-5,1.155997504237962E-4,1.809650155236771E-4,2.684415983161678E-4,3.4776739030167975E-5,3.618263234041312E-5,8.15666146356255E-5,6.692528984133567E-5,0.15523367403953975,1.3957892128581533E-5,1.0134495421161245E-4,1.4917485020378508E-4
org.endeavour.mgmt.view.GlossaryTermsListView,0.2476776810332588,3.803859375216635E-5,0.06418771875851687,5.655933382666366E-5,0.5555721857063753,2.2568327323754152E-5,0.0988640461815195,4.861420348741063E-5,2.836607842580491E-5,5.755430360641214E-5,9.00980789958938E-5,1.3365054157503509E-4,1.7314492369104903E-5,1.8014452447906388E-5,4.061003320228316E-5,3.332047375841446E-5,3.71736483748803E-5,6.94929494509155E-6,0.032995265935214325,7.427052902444971E-5
org.endeavour.mgmt.view.GlossaryTermView,0.1663610794354336,5.407074774071886E-5,0.09124096362911191,8.039743770891817E-5,0.006536860736308053,0.001646910611170026,4.210387483432254E-5,0.733202102719617,4.032155029042824E-5,8.181175813098568E-5,1.2807178238635297E-4,1.8998033328986082E-4,2.4612044158313674E-5,2.5607016924553055E-5,5.7725973660575065E-5,4.736407825512382E-5,5.284125320131908E-5,9.87821937898265E-6,7.172341507105461E-5,1.0557338332787473E-4
org.endeavour.mgmt.view.HomeView,1.8968500084269397E-5,0.017378049464882944,0.04702251766332277,4.5456713554648894E-5,0.3698190266607269,1.8138155475937E-5,2.3805532022226224E-5,3.907121553777666E-5,2.279780567469567E-5,0.016480709082280092,0.28037113304266553,0.015628842447072293,0.0064050917050983485,1.4478208093432003E-5,3.263826714045756E-5,2.6779651185131146E-5,2.987644605463082E-5,5.585145516280386E-6,0.16895020529340868,0.07766682900020294
org.endeavour.mgmt.view.IterationsListView,3.306821740595719E-5,5.329616927428184E-5,0.09311730650677183,7.924572210282635E-5,0.7211153962785767,3.1620658774108864E-5,0.003224895726864086,6.811373824911342E-5,3.9743932892975396E-5,8.063978199236288E-5,0.181579752216655,1.8725881229446988E-4,2.4259469795712982E-5,2.5240189300963335E-5,5.689903306848261E-5,4.6685574690220675E-5,5.208428758535322E-5,9.736711145096349E-6,7.069595724635865E-5,1.040610153142715E-4
org.endeavour.mgmt.view.IterationView,1.2877924136532963E-5,0.042171429565839996,0.034403557834187214,3.086106471530352E-5,0.007468118161122768,1.231419401418388E-5,0.6260776457969679,0.20954017100629704,1.547768198085545E-5,0.06945604376584301,0.01058682970517877,7.292515193731066E-5,9.447488740818066E-6,9.829415327086274E-6,2.2158479917517324E-5,1.8181000861050266E-5,2.0283449089357684E-5,3.7918169560387966E-6,2.753148629094757E-5,4.052501059662103E-5
org.endeavour.mgmt.view.IViewConstants,0.00885069639339606,4.922213805921691E-5,0.0874693197314681,0.008893344027219835,7.058609944856758E-5,0.0014992295254158915,3.8328353620349985E-5,0.07062415467382611,3.670585294426206E-5,0.007424605530749852,1.1658738259622301E-4,1.7294449558143376E-4,0.7085749334461309,2.3310795115856435E-5,5.254959407531525E-5,4.3116866260119956E-5,4.810289424458376E-5,0.10585086388647306,6.529186272094696E-5,9.610645065353766E-5
org.endeavour.mgmt.view.LoginView,3.859740241229986E-5,6.220757736227188E-5,0.12169188995297764,0.0038081719192246594,0.0075205593958163845,0.07435042546995142,4.8439871103079184E-5,0.2137308660133137,4.6389333676065103E-5,9.412319018559047E-5,0.002005182589973955,0.003934245382960018,2.831578450447363E-5,2.9460485621350897E-5,6.641285949146281E-5,5.4491655569051366E-5,6.079306249292035E-5,0.18951083478979197,0.38279713268303256,1.2146058053900031E-4
org.endeavour.mgmt.view.MainView,7.803685703465647E-6,1.257722934107338E-5,0.024979485275700722,1.8700999241744192E-5,0.01466724351685557,0.00413928980057224,9.79365205893641E-6,0.010157832940851371,9.379071061161502E-6,0.017297582266086412,2.9790381056265163E-5,4.419073754145148E-5,5.724931443820662E-6,5.956368980603439E-6,1.3427460133292422E-5,1.101721170196858E-5,1.2291240420228788E-5,0.7786640127242849,0.14125006726583159,0.008663833241133203
org.endeavour.mgmt.view.model.ActorsListModel,0.15609514172346117,2.610621751598303E-4,0.40933926036562907,3.8817162407689875E-4,3.743713984126824E-4,1.5488839201693017E-4,2.032842083045207E-4,3.3364350398372027E-4,1.9467886175926846E-4,3.950001881561017E-4,6.183509472941727E-4,0.4297334527439993,1.1883086607031525E-4,1.2363475293026405E-4,2.787101876103711E-4,2.2868130755313015E-4,2.5512597985618884E-4,4.769361522702171E-5,3.462920623574114E-4,5.097250961410716E-4
org.endeavour.mgmt.view.model.AssignedActorsListModel,0.10630985449258573,3.55228379025421E-4,0.6206432901280889,5.281867306900418E-4,5.094087066814573E-4,2.1075727417172807E-4,2.766096611018823E-4,4.5399009266638166E-4,2.649003305473872E-4,5.374783860110066E-4,8.41392685637674E-4,0.2664717355106347,1.6169364982307924E-4,1.6823031849687843E-4,3.7924210239223164E-4,3.1116759885179904E-4,3.471509735797647E-4,6.48968990493723E-5,4.712010382403388E-4,6.935850417239257E-4
org.endeavour.mgmt.view.model.AssignedChangeRequestsListModel,1.3826320910914196E-4,2.2283932957809695E-4,0.38933751593475674,3.3133832742173114E-4,3.195586315191835E-4,1.3221074793907196E-4,1.7352079696976287E-4,2.8479382239231184E-4,1.6617538335801627E-4,0.30647303400191583,5.278164500646388E-4,0.3002636967220265,1.0143250554042034E-4,1.0553304184593696E-4,2.3790344700704542E-4,1.9519943565544617E-4,2.177722692852826E-4,4.071065919771195E-5,2.9559046984381314E-4,4.35094814573065E-4
org.endeavour.mgmt.view.model.AssignedDefectsListModel,1.570802078197051E-4,2.531667565512682E-4,0.41208115313633403,3.7643197829260924E-4,3.630491189452287E-4,1.502040340020931E-4,1.9713619425349354E-4,3.2355297620670245E-4,0.13628427761604464,3.8305402309391336E-4,5.996498866257726E-4,0.44698027567531456,1.1523701173018068E-4,1.1989561251916096E-4,2.7028103237059897E-4,2.2176519781804535E-4,2.474100922227123E-4,4.62511961674912E-5,3.3581899864582553E-4,4.94309255041688E-4
org.endeavour.mgmt.view.model.AssignedDocumentsListModel,1.632518292433201E-4,2.6311358180803305E-4,0.4675612827945648,3.9122184707372884E-4,3.77313180289473E-4,1.561054931803539E-4,2.0488160009877508E-4,3.362652491744313E-4,1.9620863339712827E-4,0.1889882723951723,6.232099018456128E-4,0.3388151812556646,1.197646299467523E-4,1.2460626538301508E-4,2.80900270993518E-4,2.3047826781497956E-4,2.5713074033474457E-4,4.806838801551026E-5,3.4901319895448794E-4,5.137304770444497E-4
org.endeavour.mgmt.view.model.AssignedDocumentsURLModel,1.4707227163905719E-4,2.370369284984886E-4,0.4920136406651787,3.524486434893376E-4,3.3991843645329666E-4,1.4063419444538581E-4,0.021421998617776487,3.0293868251636037E-4,1.767627937932671E-4,0.17025802812213342,0.021798867250207656,0.23444448794406303,1.0789500044147682E-4,1.1225679121196806E-4,2.530608150029895E-4,0.05684076248071106,2.3164703430611524E-4,4.3304427596531795E-5,3.1442320885571997E-4,4.628156916792118E-4
org.endeavour.mgmt.view.model.AssignedProjectMembersListModel,1.2803790597641876E-4,2.0635917039829533E-4,0.37903276207164593,3.068340875794297E-4,2.959255631345022E-4,1.2243305665162385E-4,1.606880068133667E-4,2.637317974107452E-4,1.5388582578893876E-4,3.122317933846969E-4,4.887816031583411E-4,0.3150352636543016,9.393102974403767E-5,9.772830947825956E-5,2.2030921584721084E-4,1.8076339432692573E-4,2.0166684629032474E-4,3.769988840979403E-5,2.7372997509056917E-4,0.302387236804569
org.endeavour.mgmt.view.model.AssignedTasksListModel,1.5708020781970508E-4,0.14390951363142893,0.4423245945836766,3.764319782926092E-4,0.007923909480780896,1.5020403400209308E-4,1.971361942534935E-4,3.2355297620670234E-4,1.8879110300261672E-4,3.830540230939133E-4,5.996498866257725E-4,0.3940542531424648,1.1523701173018065E-4,1.1989561251916094E-4,0.007831141394206265,2.217651978180453E-4,2.4741009222271226E-4,4.625119616749119E-5,3.358189986458255E-4,4.943092550416879E-4
org.endeavour.mgmt.view.model.AssignedUseCasesListModel,1.72754257647532E-4,2.7842868109295514E-4,0.4698307722083331,4.139937670528967E-4,3.992755160151104E-4,1.6519195352402078E-4,2.1680718001602833E-4,3.55838300636795E-4,2.0762938439138258E-4,4.2127658421768584E-4,6.594851919941684E-4,0.5248428820386267,1.2673579116865644E-4,1.3185924454414618E-4,2.972506832750322E-4,2.4389375754510913E-4,2.7209759529666467E-4,5.0866313268417985E-5,3.6932827260825345E-4,5.436332787453764E-4
org.endeavour.mgmt.view.model.AttachmentsListModel,1.6992824515088106E-4,2.7387398621649014E-4,0.4866828669181742,0.13945506052316925,3.927439398141485E-4,1.624896495034881E-4,2.132605247356761E-4,3.500172951340633E-4,2.0423286471683334E-4,4.143851020177239E-4,6.486969577745854E-4,0.369030079623088,1.246625749452606E-4,1.2970221595362083E-4,2.923880873713921E-4,2.399040046089824E-4,2.6764646792598113E-4,5.0034213157470796E-5,3.6328659046408923E-4,5.34740216077918E-4
org.endeavour.mgmt.view.model.ChangeRequestListModel,8.107170219252664E-5,1.306635646658316E-4,0.21658420763515213,0.1718948454250108,1.8737567552857865E-4,7.752279476680348E-5,1.0174526156873603E-4,1.6699106077477992E-4,9.743822147723653E-5,0.18750740522983983,3.094892584055296E-4,0.4219059286621078,5.9475734252077625E-5,6.188011543440696E-5,1.3949652644837574E-4,1.144566990566201E-4,1.276924546670296E-4,2.3871009936801188E-5,1.7332175852514725E-4,2.5512121018929693E-4
org.endeavour.mgmt.view.model.ChangeTypeListModel,9.975719245143563E-5,1.6077903897719726E-4,0.23289094274522104,2.3906129120042921E-4,2.3056221614827833E-4,9.539032915036103E-5,1.2519561529904192E-4,2.0547933418024037E-4,1.1989588412670974E-4,0.2883445671190634,3.808206646394865E-4,0.4759320509488319,7.318376335413714E-5,7.614230881260844E-5,1.716478309801689E-4,1.4083679812263553E-4,1.5712314445507389E-4,2.9372825139659178E-5,2.132691377338344E-4,3.1392181211217877E-4
org.endeavour.mgmt.view.model.CommentsListModel,1.401283532350036E-4,2.258453893191626E-4,0.40807941208617154,0.0880195591488051,3.2386941606039795E-4,1.3399424552663105E-4,1.7586155918169382E-4,2.886356363378959E-4,1.6841705735162616E-4,3.4171542170228516E-4,5.349365925646881E-4,0.32454890809949766,1.0280081055155894E-4,1.069566623039858E-4,0.17560861498081332,1.978326385380501E-4,2.207099753565512E-4,4.1259838168399865E-5,2.995779284891182E-4,4.40964160025283E-4
org.endeavour.mgmt.view.model.DefectsListModel,1.0374229790867211E-4,1.6720184829943416E-4,0.26716201427033515,2.486113239626345E-4,2.3977272742296504E-4,9.920098692774133E-5,1.3019693618117456E-4,2.1368783319538286E-4,0.11996883986149422,2.5298479757892856E-4,3.9603370814631986E-4,0.5648536990594902,0.045017665201005516,7.918404568309455E-5,1.7850482736461387E-4,1.464629537810504E-4,1.633999079148204E-4,3.054621226977005E-5,2.2178882422217432E-4,3.264623768158499E-4
org.endeavour.mgmt.view.model.DependenciesListModel,1.5949200132134588E-4,0.1768268818018163,0.45679295036954237,3.8221167652230565E-4,3.6862333811645313E-4,1.5251025143174076E-4,2.001630032884325E-4,3.2852077562766784E-4,1.9168978235700062E-4,3.8893539552458674E-4,6.08856849870204E-4,0.36171977677795136,1.1700634906361708E-4,1.2173647753431839E-4,2.744308997952485E-4,2.251701580635878E-4,2.512088015632804E-4,4.696133231964031E-5,3.4097512932519886E-4,5.018988289648319E-4
org.endeavour.mgmt.view.model.DependencyTypesListModel,8.268500467248492E-5,0.3782275468182964,0.21293428855508859,1.9814896043250963E-4,1.9110439509211063E-4,7.9065475056821E-5,1.0376996165981142E-4,1.7031413263824023E-4,9.937721276643683E-5,2.0163471979670465E-4,3.1564800152554415E-4,0.4064220907632902,6.065928346803404E-5,6.311151111243722E-5,1.4227246535157393E-4,1.1673435292895864E-4,1.302334960935074E-4,2.4346035851992843E-5,1.7677080936899555E-4,2.601980455086162E-4
org.endeavour.mgmt.view.model.DocumentsListModel,1.5590145866056608E-4,2.512669621370076E-4,0.45401358201138314,3.7360718652511456E-4,3.6032475379685786E-4,1.4907688449524703E-4,1.956568600557766E-4,3.2112499496110634E-4,1.873743913939035E-4,0.17297500250528364,5.951500402768982E-4,0.36858485344854575,1.1437225905023417E-4,1.189959011271081E-4,2.682528103300237E-4,2.201010445546733E-4,2.4555349652413287E-4,4.590412151468593E-5,3.3329897166234313E-4,4.90599897721485E-4
org.endeavour.mgmt.view.model.DocumentVersionsURLModel,1.570802078197051E-4,2.531667565512682E-4,0.6011026621822257,3.7643197829260924E-4,3.630491189452287E-4,1.502040340020931E-4,1.9713619425349354E-4,3.2355297620670245E-4,1.8879110300261675E-4,0.023065635108600917,0.023282230972132775,0.2806413477149299,1.1523701173018068E-4,1.1989561251916096E-4,2.7028103237059897E-4,0.06826950845433906,2.474100922227123E-4,4.62511961674912E-5,3.3581899864582553E-4,4.94309255041688E-4
org.endeavour.mgmt.view.model.EventsListModel,1.502634806515658E-4,2.4218021196104481E-4,0.41589652109596215,3.600961577013294E-4,3.472940672628199E-4,1.4368570853284362E-4,1.8858117850807383E-4,3.0951191785916004E-4,1.8059823479341463E-4,3.6643082910701454E-4,5.73627195859885E-4,0.3407899595519586,1.1023613173683395E-4,1.146925656773962E-4,0.23893915926393355,2.121413701576619E-4,2.3667336656684745E-4,4.424405733154215E-5,3.212456381733602E-4,4.7285797626458754E-4
org.endeavour.mgmt.view.model.GlossaryTermsListModel,0.2362117660136403,2.2584538931916254E-4,0.4148243160193259,3.358080177973944E-4,3.238694160603979E-4,1.3399424552663103E-4,1.7586155918169376E-4,2.8863563633789587E-4,1.6841705735162613E-4,3.417154217022851E-4,5.34936592564688E-4,0.3447836198989609,1.0280081055155893E-4,1.0695666230398578E-4,2.4111271879790307E-4,1.9783263853805007E-4,2.2070997535655114E-4,4.125983816839986E-5,2.9957792848911815E-4,4.409641600252829E-4
org.endeavour.mgmt.view.model.IterationsListModel,1.1214202689803444E-4,1.8073972282648684E-4,0.31578247362900624,0.3727181092796422,2.5918646675584703E-4,1.0723301843724048E-4,1.4073862458805676E-4,2.3098955027075948E-4,1.347809329061326E-4,2.7346828195250975E-4,4.280994700018149E-4,0.308310603593804,8.226951217130936E-5,8.55953604257544E-5,1.9295787306903455E-4,1.583216569671448E-4,1.7662994976891085E-4,3.301945519854612E-5,2.3974645629598493E-4,3.5289513901367854E-4
org.endeavour.mgmt.view.model.PercentStatusListModel,1.0639881371186252E-4,1.714833647231509E-4,0.2637604488966292,2.5497748245606054E-4,2.459125571010575E-4,1.0174121395931936E-4,1.33530872535628E-4,2.1915971031085592E-4,1.2787829655718479E-4,2.594629470539574E-4,4.061748928462478E-4,0.7329590712051619,7.805618234134462E-5,8.121170145087862E-5,1.8307577773297111E-4,1.5021341197548745E-4,1.6758406853557037E-4,3.1328405235012534E-5,2.2746814238260206E-4,3.3482205729952187E-4
org.endeavour.mgmt.view.model.PriorityListModel,8.830839845874324E-5,1.423269750171063E-4,0.22316530017384198,2.1162503916363312E-4,2.0410137407450696E-4,8.444270521969288E-5,1.1082733995844543E-4,1.8189716923578861E-4,1.0613584092374303E-4,2.1534786445806116E-4,3.37115171025678E-4,0.774111982195382,6.478471151976076E-5,6.740371476939792E-5,1.5194839269514369E-4,1.2467343737968534E-4,1.390906550861903E-4,2.600180581019032E-5,1.8879296350607152E-4,2.778940724739097E-4
org.endeavour.mgmt.view.model.ProjectMembersListModel,1.0639881371186252E-4,1.714833647231509E-4,0.330338317591763,2.5497748245606054E-4,2.459125571010575E-4,1.0174121395931936E-4,0.015497654417566512,2.1915971031085592E-4,1.2787829655718479E-4,2.594629470539574E-4,4.061748928462478E-4,0.30276361194429713,7.805618234134462E-5,8.121170145087862E-5,1.8307577773297111E-4,1.5021341197548745E-4,1.6758406853557037E-4,3.1328405235012534E-5,2.2746814238260206E-4,0.3485882890779996
org.endeavour.mgmt.view.model.ProjectMemberStatusListModel,1.1990898809879952E-4,1.9325776314964567E-4,0.32033857034403534,0.08109073298554503,2.771377316539433E-4,1.1465998151862182E-4,1.5048618727138863E-4,2.469878956222881E-4,1.4411586562887262E-4,2.924087059337554E-4,4.577496561590126E-4,0.37583756774103105,8.796750182528118E-5,9.152369846085005E-5,0.00597799209252191,1.692870211657315E-4,1.8886334704819847E-4,3.530638396639063E-5,2.5635130530379677E-4,0.21392912480405968
org.endeavour.mgmt.view.model.ProjectPlanModel,5.7828414726428624E-5,0.04741268173339492,0.2185099061782338,0.1838495021055237,1.336549989832361E-4,5.5296980392497254E-5,7.257485686526272E-5,1.1911466093505075E-4,6.950264678555938E-5,1.4101971990976053E-4,2.207585717880685E-4,0.19795588516339438,0.3479797730026635,4.41390630995044E-5,0.0028830016117960123,8.16419204514297E-5,9.10829799574798E-5,1.7027182422861327E-5,1.2363034526281433E-4,1.819778634140362E-4
org.endeavour.mgmt.view.model.ProjectsListModel,1.0805904624858395E-4,1.741591676920716E-4,0.31988900829080946,0.20831046581537824,2.497497430079716E-4,1.0332876994653398E-4,1.3561447000731426E-4,2.225794484555112E-4,1.2987369200642072E-4,2.6351157139237506E-4,4.1251279032063947E-4,0.34909819587515273,7.927416033465484E-5,8.247891773278555E-5,1.8593246712897302E-4,1.5255732151087958E-4,1.701990274200968E-4,3.181724938543338E-5,2.3101752416493932E-4,0.11996966465190408
org.endeavour.mgmt.view.model.RolesListModel,8.013358975299626E-5,1.2915160534967827E-4,0.20636376560667608,1.9203466902101133E-4,1.8520747815113452E-4,7.66257481259769E-5,1.0056792727132316E-4,1.6505874176374978E-4,0.0039534413649671436,1.9541286815124635E-4,3.059080369021032E-4,0.536594939628515,5.8787517221435086E-5,6.116407636678338E-5,1.3788235746963975E-4,1.1313227573419358E-4,1.2621487522910396E-4,2.3594789125343613E-5,1.7131618452933308E-4,0.25096566065967657
org.endeavour.mgmt.view.model.SecurityGroupsListModel,1.524690199425392E-4,2.4573488785874296E-4,0.42200097251874863,3.653815818169897E-4,0.007691298155365059,1.45794700513772E-4,1.91349137808192E-4,3.1405487595451945E-4,1.8324902193737108E-4,3.7180923234587937E-4,5.820467886535162E-4,0.30909747804532317,1.1185415707989307E-4,0.25697810597545,2.6234676339302224E-4,2.1525514154838724E-4,2.4014721401685124E-4,4.4893463337669954E-5,3.259608216229443E-4,4.797984972825988E-4
org.endeavour.mgmt.view.model.StageStatusListModel,1.0478882525451352E-4,1.688885403242689E-4,0.26481320068003633,2.5111925519471286E-4,2.4219149701929703E-4,1.0020170262083048E-4,1.315103315541816E-4,2.1584346465353157E-4,1.259432883158329E-4,2.555368473607984E-4,4.000288009272313E-4,0.7319559584598834,7.687506435506126E-5,7.998283528803144E-5,1.803055411232991E-4,1.4794043682677503E-4,1.650482468796211E-4,3.085435511118208E-5,2.2402617652908825E-4,3.29755650741852E-4
org.endeavour.mgmt.view.model.StatusListModel,7.547567701176602E-5,1.2164443001954633E-4,0.17983677979451634,1.808722996032921E-4,1.7444195179807312E-4,7.217173515086314E-5,9.472223096294459E-5,1.5546439788520093E-4,9.071248701985135E-5,0.0038169819396613558,2.881265678936246E-4,0.8142032322331622,5.537038432703887E-5,5.760880158759794E-5,1.2986769106534724E-4,1.0655625349169857E-4,1.1887840275514435E-4,2.222329847788426E-5,1.6135811524580526E-4,2.375113083646744E-4
org.endeavour.mgmt.view.model.TasksListModel,7.952015053485075E-5,0.13792188913271422,0.2200944222845474,0.18008792937757212,1.8378967656578263E-4,7.603916216165029E-5,9.979805896932901E-5,1.6379518292646643E-4,9.557344708659923E-5,1.9391694219280905E-4,3.0356624755309127E-4,0.4597627276736139,5.833748660740429E-5,6.069585270051952E-5,1.3682683947995587E-4,1.1226622474374969E-4,1.252486742312761E-4,2.341416613019297E-5,1.7000472367231567E-4,2.5023869599664477E-4
org.endeavour.mgmt.view.model.TestCasesListModel,1.3918953320503504E-4,2.2433228957686208E-4,0.3919459663299796,3.3355819978373726E-4,3.216995832758664E-4,1.3309652227008238E-4,1.7468333685587804E-4,2.867018598358464E-4,1.6728871106638218E-4,3.3942602576608055E-4,5.313526698519119E-4,0.4496691078949732,1.0211207441918642E-4,1.0624008314929348E-4,2.394973322992976E-4,1.9650721624232402E-4,0.15431267626086118,4.0983409011762356E-5,2.9757084174821853E-4,4.3800982582829344E-4
org.endeavour.mgmt.view.model.TestCaseStatusListModel,1.1398788409175983E-4,1.8371469774712518E-4,0.29903359164139515,2.7316417074836E-4,2.634526746835186E-4,1.0899807337660986E-4,1.4305518163465884E-4,2.3479163709615956E-4,1.3699942637787995E-4,2.779695684858514E-4,4.3514598510583903E-4,0.6864786128856982,8.362366792420802E-5,8.700425962404566E-5,1.9613395868066955E-4,1.609276306374892E-4,0.011152867228467318,3.356295526357123E-5,2.4369268175012705E-4,3.587037912112298E-4
org.endeavour.mgmt.view.model.TestPlanModel,6.178384570350269E-5,9.957725445571762E-5,0.2066908637508476,0.07449527427561353,1.427969255900792E-4,5.9079262687764466E-5,7.753893617401788E-5,1.2726203661385957E-4,7.425658865626051E-5,1.506653892774607E-4,2.3585833368602155E-4,0.235287064471429,0.20524363509546648,4.715815014017017E-5,1.0630875673232766E-4,0.003061114722344171,0.21719117646421054,1.8191832104618844E-5,1.3208659120474936E-4,0.05669830731706205
org.endeavour.mgmt.view.model.TestPlansListModel,1.5026348065156584E-4,2.4218021196104487E-4,0.43759475813917864,3.600961577013295E-4,3.4729406726281993E-4,1.4368570853284365E-4,1.8858117850807388E-4,3.0951191785916015E-4,1.8059823479341469E-4,3.664308291070146E-4,5.736271958598851E-4,0.2973934854655259,1.1023613173683396E-4,1.1469256567739623E-4,2.5855178855327404E-4,2.1214137015766196E-4,0.2461500265230193,4.424405733154216E-5,0.014786737000317622,4.7285797626458765E-4
org.endeavour.mgmt.view.model.TypeListModel,9.347355982039328E-5,0.022646819188542004,0.2812105815129306,0.018220936998180778,2.1603927069168823E-4,8.938176204652156E-5,1.1730963500805224E-4,1.9253634112349026E-4,1.1234373002821672E-4,0.05421874557758234,3.568330493498034E-4,0.5719319769816927,6.857397159703241E-5,7.134616043974067E-5,1.608358595795132E-4,1.3196559115913022E-4,1.472260724412386E-4,2.7522652355342737E-5,0.04969140397879028,2.941481066408231E-4
org.endeavour.mgmt.view.model.UnassignedActorsListModel,0.11569143532841654,3.5149934187562006E-4,0.6771134997103804,5.226420499801876E-4,5.040611497186414E-4,2.0854483352401477E-4,2.7370592997242503E-4,4.492242968540112E-4,2.6211951901336544E-4,5.318361654368822E-4,8.325601013972996E-4,0.2006889679175526,1.5999625833445043E-4,1.6646430782757656E-4,3.7526097933987545E-4,3.0790109312070805E-4,3.435067296130521E-4,6.421563887492923E-5,4.6625456920697017E-4,6.863040795602872E-4
org.endeavour.mgmt.view.model.UnassignedChangeRequestsListModel,1.9926553703150432E-4,3.2115700891238654E-4,0.5898891137805022,4.775262354911314E-4,4.605492866324074E-4,1.905427037254706E-4,2.5007892567443824E-4,4.104460928392165E-4,2.394926836980365E-4,0.2402708940866596,7.606913585606791E-4,0.16418217937955545,1.4618496720272117E-4,1.5209467792259135E-4,3.428674803293746E-4,2.8132227383370644E-4,3.1385433962730124E-4,5.867237872032178E-5,4.2600626800385445E-4,6.270605350775994E-4
org.endeavour.mgmt.view.model.UnassignedDefectsListModel,2.1809178433397842E-4,3.5149934187562017E-4,0.624625616281252,5.226420499801877E-4,5.040611497186415E-4,2.0854483352401483E-4,2.7370592997242514E-4,4.4922429685401134E-4,0.10523788637727026,5.318361654368823E-4,8.325601013972999E-4,0.26367442803250685,1.599962583344505E-4,1.6646430782757662E-4,3.7526097933987556E-4,3.0790109312070816E-4,3.435067296130522E-4,6.421563887492925E-5,4.6625456920697033E-4,6.863040795602874E-4
org.endeavour.mgmt.view.model.UnassignedDocumentsListModel,2.1809178433397842E-4,3.5149934187562017E-4,0.593132886223775,5.226420499801877E-4,5.040611497186415E-4,2.0854483352401483E-4,2.7370592997242514E-4,4.4922429685401134E-4,2.6211951901336554E-4,0.15799548645282221,8.325601013972999E-4,0.24267927466085545,1.599962583344505E-4,1.6646430782757662E-4,3.7526097933987556E-4,3.0790109312070816E-4,3.435067296130522E-4,6.421563887492925E-5,4.6625456920697033E-4,6.863040795602874E-4
org.endeavour.mgmt.view.model.UnassignedProjectMemebersListModel,1.9926553703150432E-4,3.2115700891238654E-4,0.5707063163888578,0.010068924931313323,4.605492866324074E-4,1.905427037254706E-4,0.00984147762149663,4.104460928392165E-4,2.394926836980365E-4,4.8592669110482086E-4,7.606913585606791E-4,0.16418217937955545,1.4618496720272117E-4,1.5209467792259135E-4,3.428674803293746E-4,2.8132227383370644E-4,3.1385433962730124E-4,5.867237872032178E-5,4.2600626800385445E-4,0.2404120279306324
org.endeavour.mgmt.view.model.UnassignedTasksListModel,2.1809178433397836E-4,0.10532726620013248,0.6456207696529033,5.226420499801876E-4,5.040611497186414E-4,2.0854483352401477E-4,2.7370592997242503E-4,4.492242968540112E-4,2.6211951901336544E-4,5.318361654368822E-4,8.325601013972996E-4,0.24267927466085537,1.5999625833445043E-4,1.6646430782757656E-4,3.7526097933987545E-4,3.0790109312070805E-4,3.435067296130521E-4,6.421563887492923E-5,4.6625456920697017E-4,6.863040795602872E-4
org.endeavour.mgmt.view.model.UnassignedUseCasesListModel,2.2276885051700953E-4,3.590373868793082E-4,0.6380209642806532,5.338503193116406E-4,5.148709441578424E-4,2.130171615005119E-4,2.7957566391530826E-4,4.588580928900616E-4,2.6774077770512993E-4,5.43241606278563E-4,8.504146882056833E-4,0.3551106439528074,1.6342744255605152E-4,1.7003420197649955E-4,3.8330860223241846E-4,3.1450415611435073E-4,3.508733698265896E-4,6.559276912273233E-5,4.7625358629503357E-4,7.010221470546236E-4
org.endeavour.mgmt.view.model.UseCaseListModel,1.713295987082083E-4,2.7613255296919854E-4,0.47420293842879635,4.1057966931031274E-4,0.04987640517349797,1.6382965891839372E-4,2.1501922820907723E-4,3.5290379573451767E-4,2.059171194517654E-4,4.178024269968663E-4,6.540465910188857E-4,0.47103421841341603,1.2569063442242404E-4,1.3077183602507183E-4,2.947993350482818E-4,2.418824298553406E-4,2.6985367797279305E-4,5.044683215753187E-5,3.6628251945414094E-4,5.391500780368957E-4
org.endeavour.mgmt.view.model.UseCasesListModel,9.834058986061109E-5,1.584958953003515E-4,0.27691879292101185,0.189575743943709,2.2728811605869425E-4,9.403573822720737E-5,1.2341777423681638E-4,2.0256142370173185E-4,1.1819330192777924E-4,2.3981225325836407E-4,3.754128185793595E-4,0.5307091002642081,7.214451689755475E-5,7.506104951405896E-5,1.6921034495935596E-4,1.3883684435287517E-4,1.5489191632962404E-4,2.8955716165657786E-5,2.1024060810471772E-4,3.0946396359593324E-4
org.endeavour.mgmt.view.model.UseCaseTypeListModel,1.0639881371186252E-4,1.714833647231509E-4,0.27912457244166006,2.5497748245606054E-4,2.459125571010575E-4,1.0174121395931936E-4,1.33530872535628E-4,2.1915971031085592E-4,1.2787829655718479E-4,2.594629470539574E-4,4.061748928462478E-4,0.717594947660131,7.805618234134462E-5,8.121170145087862E-5,1.8307577773297111E-4,1.5021341197548745E-4,1.6758406853557037E-4,3.1328405235012534E-5,2.2746814238260206E-4,3.3482205729952187E-4
org.endeavour.mgmt.view.model.WorkProductsListModel,5.7349517786013524E-5,0.02769690726655944,0.16977274006584536,0.39764190062145865,1.325481560862441E-4,5.4839047128211206E-5,7.197383957872185E-5,1.1812823156550575E-4,6.892707152461169E-5,0.03050477640566618,2.1893039432375704E-4,0.2874113181247961,0.08285550319587066,4.3773532376050534E-5,9.867880293964882E-5,8.096581570087126E-5,9.032869055439174E-5,1.6886174484034477E-5,0.0028830542034562322,1.804708422995108E-4
org.endeavour.mgmt.view.ProjectMemberAssignmentsReportView,2.5640459686146887E-5,0.006212182948194321,0.06973302503894106,6.14456085713007E-5,0.15926740069470505,2.451805056782064E-5,3.2178863980360964E-5,5.281408242267483E-5,0.004967503180045387,0.013638414407996326,9.788183347375164E-5,0.10381561335963463,0.002487153575722968,1.957075727116393E-5,4.4118415748359784E-5,3.619909658491472E-5,4.038515471575882E-5,7.549658529416987E-6,0.5282802716765104,0.11115613313669839
org.endeavour.mgmt.view.ProjectMembersListView,3.151327001883658E-5,5.079005477348468E-5,0.07508703764391769,7.55193970030622E-5,0.7023753304831054,3.0133779087301933E-5,3.9549260891777607E-5,6.491086589535913E-5,3.787507725291613E-5,7.684790483225896E-5,1.203011445954566E-4,1.7845345102210388E-4,2.311873097968658E-5,0.027327390109954556,5.422350321716417E-5,4.449030630034656E-5,4.96351586862462E-5,9.278867489106344E-6,6.737166272359394E-5,0.19425622932825382
org.endeavour.mgmt.view.ProjectMembersTabSheet,4.79514311719889E-5,7.728350038687004E-5,0.13271909661301226,1.1491232631135668E-4,0.08089371369357527,4.585236102102307E-5,0.512454489229314,0.007023017535474797,5.763172653746773E-5,1.1693381921561886E-4,1.8305342643059325E-4,2.7153952506278877E-4,3.51780769400806E-5,3.660019483889929E-5,8.250792700560111E-5,6.769763528528077E-5,7.552617973417634E-5,1.411897195981043E-5,1.025145167766418E-4,0.26558038130994543
org.endeavour.mgmt.view.ProjectMemberView,2.0067847027620917E-5,3.234342386904115E-5,0.05650936183410206,4.8091223340825994E-5,0.029990547777246322,0.10240891926196256,2.5185216169482254E-5,0.45693135672786056,2.4119085579393202E-5,4.893722541789959E-5,7.66085196980918E-5,1.1364027136891943E-4,1.4722152175758208E-5,0.08115434854198036,3.452986526670627E-5,2.8331704723555546E-5,3.16079788327867E-5,5.908840728037704E-6,0.13141085801735963,0.14109051448529045
org.endeavour.mgmt.view.ProjectPlanView,1.2573953201656264E-5,0.002441191857889208,0.03238103196492437,3.0132619152700083E-5,0.5374747156297965,1.2023529383218578E-5,1.5780353968853694E-5,2.5899761895841607E-5,1.5112346278333483E-5,3.0662700456936965E-5,0.08720135010457092,7.120382430908489E-5,0.33833368478648174,9.597401492046696E-6,2.1635450445953156E-5,6.229834485922021E-4,1.98046779056756E-5,3.702314786839131E-6,0.0012373448175230688,3.956845694508978E-5
org.endeavour.mgmt.view.ProjectsListView,3.4155522605388795E-5,5.504858311777114E-5,0.08960293175418821,8.185137467300669E-5,0.7464701884478218,3.266036727343508E-5,4.286529686091267E-5,7.035336371309872E-5,4.1050740101537166E-5,8.329127218806758E-5,1.3038787981152708E-4,1.934160078199379E-4,2.5057137457096528E-5,2.607010367840514E-5,5.876991149348191E-5,4.8220627743609165E-5,5.3796853944918864E-5,1.0056860747461054E-5,0.029665624996089386,0.13327420289867106
org.endeavour.mgmt.view.ProjectView,2.5640459686146883E-5,4.1324824465956965E-5,0.07343553991317807,0.0037639604828083187,5.926110251325079E-5,2.4518050567820637E-5,0.2184805564439644,0.5406199857210273,3.0816681062695624E-5,6.252653579392433E-5,9.788183347375162E-5,1.4519688099810107E-4,1.8810326231622633E-5,1.957075727116393E-5,4.411841574835978E-5,3.619909658491472E-5,4.0385154715758814E-5,7.549658529416986E-6,5.4816285362339226E-5,0.16299134137601662
org.endeavour.mgmt.view.SecurityGroupsListView,3.255011799136156E-5,5.246114651625978E-5,0.07755754745446629,7.800413227877716E-5,0.6189452058553744,3.112523912088489E-5,4.085050861840166E-5,6.704655983185682E-5,3.912124107645585E-5,7.937635060353222E-5,1.242592866033052E-4,1.843249171940294E-4,2.387938226498037E-5,0.30240941475829486,5.600756210220887E-5,4.595412404623443E-5,5.1268252097974906E-5,9.584160305042525E-6,6.958832166945518E-5,1.0243062954370865E-4
org.endeavour.mgmt.view.SecurityGroupView,1.1951859886920482E-5,1.9262857137290394E-5,0.029053124470571706,2.864181505714285E-5,2.762354507885351E-5,1.1428668154703406E-5,1.4999624746249694E-5,0.3814404993741121,1.436466657578098E-5,2.9145670716163493E-5,4.5625935473583726E-5,6.768103220258427E-5,8.768110490198592E-6,0.568393572685111,2.056504173137707E-5,1.6873587124093337E-5,0.01900332571031275,3.5191436519539878E-6,2.5551669907310546E-5,0.0017634745319582473
org.endeavour.mgmt.view.StandardReportView,1.0862403109003122E-4,1.7506975586734327E-4,0.2849621643057303,2.603100637622718E-4,2.51055555189862E-4,1.038690226207144E-4,1.3632352790200248E-4,2.2374320122550852E-4,0.12561413477096872,2.648893370543091E-4,4.1466960626086285E-4,6.151165271125998E-4,7.968864390139396E-5,8.291015731776949E-5,1.8690461179531685E-4,1.5335496480959205E-4,1.7108891007092282E-4,3.198360531974326E-5,0.5858222748995188,3.418245024819913E-4
org.endeavour.mgmt.view.SubsystemIntegrationView,1.264789403945492E-4,2.0384657975804112E-4,0.3135386658048514,3.0309813315067806E-4,2.923224288579464E-4,1.20942334666229E-4,1.5873149971391915E-4,2.605206484008288E-4,1.520121407726693E-4,3.0843011750019913E-4,4.8283028982996456E-4,7.162253673304942E-4,9.27873431043367E-5,9.653838787114609E-5,2.1762677206421324E-4,0.006266468881950738,1.9921138851027717E-4,3.724086162375758E-5,0.6760280106963389,3.980113833096726E-4
org.endeavour.mgmt.view.TasksListView,1.991396135785948E-5,0.09109280191313777,0.051283364025259584,4.7722446854575926E-5,0.5099859822661144,1.9042229256186817E-5,2.4992089131340445E-5,4.1018671638098144E-5,2.3934133918494564E-5,4.856196155928363E-5,7.602106488308612E-5,0.018324910148558006,1.4609258737574325E-5,1.5199856352519735E-5,3.426508093602916E-5,2.8114449561560998E-5,3.136560031625755E-5,5.863530141820049E-6,0.3288196508851123,6.266642717350437E-5
org.endeavour.mgmt.view.TaskView,1.5559096862563266E-5,0.07866144235912922,0.04231526674565166,0.0015351218490710697,3.596071386676926E-5,1.4877998613732039E-5,0.38646109532540524,0.3879714526881609,1.870012205343788E-5,0.05470893934710823,5.939647520930427E-5,8.370258744476389E-4,1.1414447768748735E-5,1.187589114169712E-5,2.6771856372857466E-5,2.196626959875733E-5,2.450644573941027E-5,4.581269984092395E-6,3.326351805070595E-5,0.047230781705764294
org.endeavour.mgmt.view.TestCaseSelectionView,4.177982859329866E-5,6.733670550254056E-5,0.11965948769189105,1.0012250269081075E-4,0.372135275216189,3.99509198627519E-5,5.2433826767658334E-5,0.13482440230703066,5.0214218792239484E-5,1.0188381877624136E-4,1.5949348315079652E-4,2.3659095330727504E-4,3.065047254850222E-5,3.188955635893111E-5,7.188872080831851E-5,5.8984591893534575E-5,0.1348041499997183,1.2301785660550967E-5,0.2373896881736651,1.3147522679258987E-4
org.endeavour.mgmt.view.TestCasesListView,2.3415277420816285E-5,3.7738489913256674E-5,0.05015652958962055,5.611311141060526E-5,0.5466807620151132,2.2390275482201965E-5,2.938625268071756E-5,4.8230663833259315E-5,2.8142285477888368E-5,5.7100231419343614E-5,8.938725410154516E-5,1.325961114123338E-4,1.7177890431015517E-5,1.7872328205073027E-5,4.0289642103136374E-5,3.305759332297198E-5,0.10485394815435464,6.894468783422027E-6,0.2975952837900136,7.36845749005063E-5
org.endeavour.mgmt.view.TestCaseView,1.7587524773078E-5,2.834587924454399E-5,0.05121809115541529,4.2147300640186115E-5,4.064888544470312E-5,1.68176322510357E-5,0.19049663741818154,0.5045821855737594,2.1138043086919798E-5,4.288873954332945E-5,6.713994960020158E-5,9.959469419760279E-5,1.2902540852927156E-5,1.3424142255938499E-5,0.038971728708680195,2.4829995863693646E-5,0.16002633594536886,5.178526751848353E-6,0.0017307073027884455,0.052541670041300406
org.endeavour.mgmt.view.TestPlanExecutionReportView,4.48461713066225E-5,7.22787414851886E-5,0.1284416443095213,1.0747078335405305E-4,0.25266156493106773,4.288303366351037E-5,5.628209728608939E-5,9.237390502047129E-5,0.010846972873652841,1.0936136753191636E-4,1.7119917214829827E-4,2.539550490955586E-4,3.289999956485066E-5,3.423002332743425E-5,7.716484238762334E-5,6.331364205101012E-5,0.14469781727875908,1.3204649365146266E-5,0.45988079789710123,0.0022997392323099923
org.endeavour.mgmt.view.TestPlansListView,2.9967744449429388E-5,4.829912545142156E-5,0.07861679622801393,7.181565064526818E-5,0.692450106991798,2.8655908778874567E-5,3.760962105361223E-5,6.172740055159528E-5,3.601754547970868E-5,7.307900361056303E-5,1.1440113818894613E-4,1.697014436506455E-4,2.198490418735451E-5,2.287367152395182E-5,5.1564185074842926E-5,4.230833959435753E-5,0.22795589552468917,8.823798023100975E-6,6.406751093831261E-5,9.430426429712712E-5
org.endeavour.mgmt.view.TestPlanView,1.0475399133685376E-5,1.6883239836931288E-5,0.02546407653614967,2.5103577809267467E-5,0.3968455900714819,1.0016839355519315E-5,1.3146661486922364E-5,0.23448401836874014,1.2590142222825784E-5,2.554519017620823E-5,5.442098859792818E-4,0.014177488627509307,0.19665360337453444,7.995624738143119E-6,1.8024560392715405E-5,1.4789125844365588E-5,0.13161799859085577,3.084409850163638E-6,2.2395170571249218E-5,3.2964603331692255E-5
org.endeavour.mgmt.view.UseCasePanel,5.463481968036744E-5,8.805514256205919E-5,0.15647681556405954,1.3092860992103126E-4,0.1552832388564694,5.224318471991911E-5,0.060553485444719904,1.1253651085303606E-4,6.566433806635007E-5,1.3323185505074124E-4,2.0856710009421078E-4,3.093862398952615E-4,4.0081137170439915E-5,4.170146743102177E-5,0.3919310888500469,7.713321596872757E-5,8.605288956076417E-5,1.6086850136540183E-5,0.23416713985327617,1.7192807031766305E-4
org.endeavour.mgmt.view.UseCasesListView,2.2189818152036622E-5,3.576341264114908E-5,0.05821233609820656,5.31763820589786E-5,0.5202058990412769,2.1218460597113238E-5,2.7848297136775463E-5,4.57064693523808E-5,2.6669434058546977E-5,5.411184026835553E-5,8.470909304110349E-5,1.2565657656018935E-4,1.6278870331084724E-5,1.693696408958712E-5,3.8181048023135814E-5,3.132749491699834E-5,3.495020175744827E-5,6.533640657318107E-6,0.4208706786294199,6.98282274545589E-5
org.endeavour.mgmt.view.UseCaseView,0.08274859941326579,0.025725475998736244,0.022204820682576565,2.327296442384123E-5,2.24455671052246E-5,9.286387292343343E-6,0.4698007887944989,0.322561431140201,1.16720387137309E-5,0.04489901140683313,3.707344562356496E-5,5.4994358823875576E-5,7.12454581162486E-6,7.412564515345456E-6,1.6710166015466627E-5,1.3710667150742476E-5,1.529616665543399E-5,2.859487251450811E-6,2.0762060768012416E-5,0.031817252143737824
